car_key,OVERALL_STARS,NUM_OF_SEATING,comb08,Avg_Value_per_mile,Avg_Price,Avg_Mileage,youSaveSpend,Nr_Available,BODY_STYLE,VEHICLE_TYPE,DRIVE_TRAIN,cylinders,fuelType,trany,ROLLOVER_POSSIBILITY,ROLLOVER_STARS
2023 CHEVROLET TRAILBLAZER,5.0,5,31.0,1.4273641189663284,23179.8,26696.0,750.0,220.0,SUV,MPV,AWD,3.0,Regular,Automatic (variable gear ratios),0.179,4.0
2023 CHEVROLET TRAILBLAZER,5.0,5,30.0,1.4273641189663284,23179.8,26696.0,500.0,220.0,SUV,MPV,AWD,3.0,Regular,Automatic (variable gear ratios),0.179,4.0
2023 CHEVROLET TRAILBLAZER,5.0,5,28.0,1.4273641189663284,23179.8,26696.0,0.0,220.0,SUV,MPV,AWD,3.0,Regular,Automatic 9-spd,0.179,4.0
2024 MAZDA CX-30,5.0,5,29.0,1.284156976744186,24738.0,19264.0,250.0,44.0,SUV,MPV,AWD,4.0,Regular,Automatic (S6),0.147,4.0
2024 MAZDA CX-30,5.0,5,25.0,1.284156976744186,24738.0,19264.0,-1000.0,44.0,SUV,MPV,AWD,4.0,Regular,Automatic (S6),0.147,4.0
2023 CHEVROLET EQUINOX,5.0,5,28.0,1.191226130666401,24222.5,26172.0,0.0,176.0,SUV,MPV,AWD,4.0,Regular,Automatic 6-spd,0.164,4.0
2023 CHEVROLET EQUINOX,5.0,5,26.0,1.191226130666401,24222.5,26172.0,-500.0,176.0,SUV,MPV,AWD,4.0,Regular,Automatic 6-spd,0.164,4.0
2018 FORD ESCAPE,5.0,5,26.0,0.845634225669252,16900.0,19985.0,-500.0,1.0,SUV,MPV,AWD,4.0,Regular,Automatic (S6),0.185,4.0
2018 FORD ESCAPE,5.0,5,24.0,0.845634225669252,16900.0,19985.0,-1500.0,1.0,SUV,MPV,AWD,4.0,Regular,Automatic (S6),0.185,4.0
2018 FORD ESCAPE,5.0,5,24.0,0.845634225669252,16900.0,19985.0,-1500.0,1.0,SUV,MPV,AWD,4.0,Regular,Automatic (S6),0.185,4.0
2018 FORD ESCAPE,5.0,5,24.0,0.845634225669252,16900.0,19985.0,-1500.0,1.0,SUV,MPV,AWD,4.0,Regular,Automatic (S6),0.185,4.0
2018 FORD ESCAPE,5.0,5,23.0,0.845634225669252,16900.0,19985.0,-1750.0,1.0,SUV,MPV,AWD,4.0,Regular,Automatic (S6),0.185,4.0
2018 SUBARU FORESTER,5.0,5,28.0,0.7390413499608982,21164.33333333333,37920.66666666666,0.0,3.0,SUV,MPV,AWD,4.0,Regular,Automatic (AV-S6),0.169,4.0
2018 SUBARU FORESTER,5.0,5,24.0,0.7390413499608982,21164.33333333333,37920.66666666666,-1500.0,3.0,SUV,MPV,AWD,4.0,Regular,Manual 6-spd,0.169,4.0
2023 NISSAN ROGUE,5.0,7,33.0,0.6674075043992478,22713.0,34343.0,1250.0,88.0,SUV,MPV,AWD,3.0,Regular,Automatic (AV-S8),0.179,4.0
2023 NISSAN ROGUE,5.0,7,33.0,0.6674075043992478,22713.0,34343.0,1250.0,88.0,SUV,MPV,AWD,3.0,Regular,Automatic (AV-S8),0.179,4.0
2023 NISSAN ROGUE,5.0,7,32.0,0.6674075043992478,22713.0,34343.0,1000.0,88.0,SUV,MPV,AWD,3.0,Regular,Automatic (AV-S8),0.179,4.0
2023 NISSAN ROGUE,5.0,7,32.0,0.6674075043992478,22713.0,34343.0,1000.0,88.0,SUV,MPV,AWD,3.0,Regular,Automatic (AV-S8),0.179,4.0
2023 NISSAN ROGUE,5.0,7,31.0,0.6674075043992478,22713.0,34343.0,750.0,88.0,SUV,MPV,AWD,3.0,Regular,Automatic (AV-S8),0.179,4.0
2023 NISSAN ROGUE,5.0,7,31.0,0.6674075043992478,22713.0,34343.0,750.0,88.0,SUV,MPV,AWD,3.0,Regular,Automatic (AV-S8),0.179,4.0
2023 NISSAN ROGUE,5.0,7,31.0,0.6674075043992478,22713.0,34343.0,750.0,88.0,SUV,MPV,AWD,3.0,Regular,Automatic (AV-S8),0.179,4.0
2023 NISSAN ROGUE,5.0,7,31.0,0.6674075043992478,22713.0,34343.0,750.0,88.0,SUV,MPV,AWD,3.0,Regular,Automatic (AV-S8),0.179,4.0
2022 CHEVROLET EQUINOX,5.0,5,28.0,0.4922726616502749,20857.0,43173.333333333336,0.0,132.0,SUV,MPV,AWD,4.0,Regular,Automatic 6-spd,0.185,4.0
2022 CHEVROLET EQUINOX,5.0,5,27.0,0.4922726616502749,20857.0,43173.333333333336,-250.0,132.0,SUV,MPV,AWD,4.0,Regular,Automatic 6-spd,0.185,4.0
2018 CHEVROLET TRAX,5.0,5,28.0,0.3919751358010864,13999.0,35714.0,0.0,1.0,SUV,MPV,AWD,4.0,Regular,Automatic (S6),0.179,4.0
2018 CHEVROLET TRAX,5.0,5,27.0,0.3919751358010864,13999.0,35714.0,-250.0,1.0,SUV,MPV,AWD,4.0,Regular,Automatic (S6),0.179,4.0
2018 MAZDA CX-5,5.0,5,28.0,0.3765001348622406,20464.5,56079.0,0.0,2.0,SUV,MPV,AWD,4.0,Regular,Automatic (S6),0.169,4.0
2018 MAZDA CX-5,5.0,5,26.0,0.3765001348622406,20464.5,56079.0,-500.0,2.0,SUV,MPV,AWD,4.0,Regular,Automatic (S6),0.169,4.0
2023 KIA SPORTAGE,5.0,5,43.0,,,,3000.0,,SUV,MPV,AWD,4.0,Regular,Automatic (AM-S6),0.169,4.0
2024 KIA SPORTAGE,5.0,5,43.0,,,,3000.0,,SUV,MPV,AWD,4.0,Regular,Automatic (AM-S6),0.169,4.0
2020 FORD ESCAPE,5.0,5,41.0,,,,2750.0,,SUV,MPV,AWD,4.0,Regular,Automatic (variable gear ratios),0.174,4.0
2020 FORD ESCAPE,5.0,5,41.0,,,,4000.0,,SUV,MPV,AWD,4.0,Regular Gas and Electricity,Automatic (variable gear ratios),0.174,4.0
2021 FORD ESCAPE,5.0,5,41.0,,,,2750.0,,SUV,MPV,AWD,4.0,Regular,Automatic (variable gear ratios),0.174,4.0
2022 FORD ESCAPE,5.0,5,41.0,,,,2750.0,,SUV,MPV,AWD,4.0,Regular,Automatic (variable gear ratios),0.174,4.0
2019 TOYOTA RAV4,5.0,5,40.0,,,,2500.0,,SUV,MPV,AWD,4.0,Regular,Automatic (AV-S6),0.155,4.0
2020 FORD ESCAPE,5.0,5,40.0,,,,2500.0,,SUV,MPV,AWD,4.0,Regular,Automatic (variable gear ratios),0.174,4.0
2020 TOYOTA RAV4,5.0,5,40.0,,,,2500.0,,SUV,MPV,AWD,4.0,Regular,Automatic (AV-S6),0.155,4.0
2021 FORD ESCAPE,5.0,5,40.0,,,,2500.0,,SUV,MPV,AWD,4.0,Regular,Automatic (variable gear ratios),0.174,4.0
2021 FORD ESCAPE,5.0,5,40.0,,,,4000.0,,SUV,MPV,AWD,4.0,Regular Gas and Electricity,Automatic (variable gear ratios),0.174,4.0
2021 TOYOTA RAV4,5.0,5,40.0,,,,2500.0,,SUV,MPV,AWD,4.0,Regular,Automatic (AV-S6),0.155,4.0
2022 FORD ESCAPE,5.0,5,40.0,,,,2500.0,,SUV,MPV,AWD,4.0,Regular,Automatic (variable gear ratios),0.174,4.0
2022 FORD ESCAPE,5.0,5,40.0,,,,4000.0,,SUV,MPV,AWD,4.0,Regular Gas and Electricity,Automatic (variable gear ratios),0.174,4.0
2022 TOYOTA RAV4,5.0,5,40.0,,,,2500.0,,SUV,MPV,AWD,4.0,Regular,Automatic (AV-S6),0.155,4.0
2023 FORD ESCAPE,5.0,5,40.0,,,,4000.0,,SUV,MPV,AWD,4.0,Regular Gas and Electricity,Automatic (variable gear ratios),0.174,4.0
2023 HONDA CR-V,5.0,5,40.0,,,,2500.0,,SUV,MPV,AWD,4.0,Regular,Automatic (variable gear ratios),0.155,4.0
2023 TOYOTA RAV4,5.0,5,40.0,,,,2500.0,,SUV,MPV,AWD,4.0,Regular,Automatic (AV-S6),0.155,4.0
2024 HONDA CR-V,5.0,5,40.0,,,,2500.0,,SUV,MPV,AWD,4.0,Regular,Automatic (variable gear ratios),0.155,4.0
2023 FORD ESCAPE,5.0,5,39.0,,,,2500.0,,SUV,MPV,AWD,4.0,Regular,Automatic (variable gear ratios),0.174,4.0
2023 FORD ESCAPE,5.0,5,39.0,,,,2500.0,,SUV,MPV,AWD,4.0,Regular,Automatic (variable gear ratios),0.174,4.0
2024 FORD ESCAPE,5.0,5,39.0,,,,2500.0,,SUV,MPV,AWD,4.0,Regular,Automatic (variable gear ratios),0.174,4.0
2024 FORD ESCAPE,5.0,5,39.0,,,,2500.0,,SUV,MPV,AWD,4.0,Regular,Automatic (variable gear ratios),0.174,4.0
2024 TOYOTA RAV4,5.0,5,39.0,,,,2500.0,,SUV,MPV,AWD,4.0,Regular,Automatic (AV-S6),0.155,4.0
2020 HONDA CR-V,5.0,5,38.0,,,,2250.0,,SUV,MPV,AWD,4.0,Regular,Automatic (variable gear ratios),0.164,4.0
2021 HONDA CR-V,5.0,5,38.0,,,,2250.0,,SUV,MPV,AWD,4.0,Regular,Automatic (variable gear ratios),0.164,4.0
2022 HONDA CR-V,5.0,5,38.0,,,,2250.0,,SUV,MPV,AWD,4.0,Regular,Automatic (variable gear ratios),0.164,4.0
2023 KIA SPORTAGE,5.0,5,38.0,,,,2250.0,,SUV,MPV,AWD,4.0,Regular,Automatic (AM-S6),0.169,4.0
2023 TOYOTA RAV4 PRIME,5.0,5,38.0,,,,3750.0,,SUV,MPV,AWD,4.0,Regular Gas and Electricity,Automatic (AV-S6),0.133,4.0
2024 HYUNDAI TUCSON,5.0,5,38.0,,,,2250.0,,SUV Early Release,MPV,AWD,4.0,Regular,Automatic (AM-S6),0.174,4.0
2024 KIA SPORTAGE,5.0,5,38.0,,,,2250.0,,SUV,MPV,AWD,4.0,Regular,Automatic (AM-S6),0.169,4.0
2024 TOYOTA RAV4 PRIME,5.0,5,38.0,,,,3750.0,,SUV,MPV,AWD,4.0,Regular Gas and Electricity,Automatic (AV-S6),0.133,4.0
2023 HONDA CR-V,5.0,5,37.0,,,,2000.0,,SUV,MPV,AWD,4.0,Regular,Automatic (variable gear ratios),0.155,4.0
2023 TOYOTA RAV4,5.0,5,37.0,,,,2000.0,,SUV,MPV,AWD,4.0,Regular,Automatic (AV-S6),0.155,4.0
2024 HONDA CR-V,5.0,5,37.0,,,,2000.0,,SUV,MPV,AWD,4.0,Regular,Automatic (variable gear ratios),0.155,4.0
2024 HYUNDAI TUCSON,5.0,5,37.0,,,,2000.0,,SUV Early Release,MPV,AWD,4.0,Regular,Automatic (AM-S6),0.174,4.0
2024 KIA SORENTO,5.0,"6
7",37.0,,,,2000.0,,SUV,MPV,AWD,4.0,Regular,Automatic (AM-S6),0.159,4.0
2024 TOYOTA RAV4,5.0,5,37.0,,,,2000.0,,SUV,MPV,AWD,4.0,Regular,Automatic (AV-S6),0.155,4.0
2020 TOYOTA HIGHLANDER,5.0,7 8,36.0,,,,2000.0,,SUV,MPV,AWD,4.0,Regular,Automatic (AV-S6),0.164,4.0
2021 TOYOTA HIGHLANDER,5.0,7 8,36.0,,,,2000.0,,SUV,MPV,AWD,4.0,Regular,Automatic (AV-S6),0.164,4.0
2022 TOYOTA HIGHLANDER,5.0,7 or 8,36.0,,,,2000.0,,SUV,MPV,AWD,4.0,Regular,Automatic (AV-S6),0.164,4.0
2023 TOYOTA HIGHLANDER,5.0,8,36.0,,,,2000.0,,SUV,MPV,AWD,4.0,Regular,Automatic (AV-S6),0.164,4.0
2024 TOYOTA HIGHLANDER,5.0,"7
8",36.0,,,,2000.0,,SUV,MPV,AWD,4.0,Regular,Automatic (AV-S6),0.164,4.0
2019 SUBARU CROSSTREK,5.0,5,35.0,,,,2750.0,,SW,MPV,AWD,4.0,Regular Gas and Electricity,Automatic (variable gear ratios),0.156,4.0
2020 SUBARU CROSSTREK,5.0,5,35.0,,,,2750.0,,SW,MPV,AWD,4.0,Regular Gas and Electricity,Automatic (variable gear ratios),0.156,4.0
2020 TOYOTA HIGHLANDER,5.0,7 8,35.0,,,,1750.0,,SUV,MPV,AWD,4.0,Regular,Automatic (AV-S6),0.164,4.0
2020 TOYOTA HIGHLANDER,5.0,7 8,35.0,,,,1750.0,,SUV,MPV,AWD,4.0,Regular,Automatic (AV-S6),0.164,4.0
2021 SUBARU CROSSTREK,5.0,5,35.0,,,,2750.0,,SW,MPV,AWD,4.0,Regular Gas and Electricity,Automatic (variable gear ratios),0.156,4.0
2021 TOYOTA HIGHLANDER,5.0,7 8,35.0,,,,1750.0,,SUV,MPV,AWD,4.0,Regular,Automatic (AV-S6),0.164,4.0
2021 TOYOTA HIGHLANDER,5.0,7 8,35.0,,,,1750.0,,SUV,MPV,AWD,4.0,Regular,Automatic (AV-S6),0.164,4.0
2022 TOYOTA HIGHLANDER,5.0,7 or 8,35.0,,,,1750.0,,SUV,MPV,AWD,4.0,Regular,Automatic (AV-S6),0.164,4.0
2022 TOYOTA HIGHLANDER,5.0,7 or 8,35.0,,,,1750.0,,SUV,MPV,AWD,4.0,Regular,Automatic (AV-S6),0.164,4.0
2023 KIA SPORTAGE,5.0,5,35.0,,,,3250.0,,SUV,MPV,AWD,4.0,Regular Gas and Electricity,Automatic (AM-S6),0.169,4.0
2023 SUBARU CROSSTREK,5.0,5,35.0,,,,2750.0,,SW,MPV,AWD,4.0,Regular Gas and Electricity,Automatic (variable gear ratios),0.156,4.0
2023 TOYOTA HIGHLANDER,5.0,8,35.0,,,,1750.0,,SUV,MPV,AWD,4.0,Regular,Automatic (AV-S6),0.164,4.0
2023 TOYOTA HIGHLANDER,5.0,8,35.0,,,,1750.0,,SUV,MPV,AWD,4.0,Regular,Automatic (AV-S6),0.164,4.0
2024 HYUNDAI TUCSON,5.0,5,35.0,,,,3000.0,,SUV Early Release,MPV,AWD,4.0,Regular Gas and Electricity,Automatic (AM-S6),0.174,4.0
2024 KIA SPORTAGE,5.0,5,35.0,,,,3250.0,,SUV,MPV,AWD,4.0,Regular Gas and Electricity,Automatic (AM-S6),0.169,4.0
2024 TOYOTA HIGHLANDER,5.0,"7
8",35.0,,,,1750.0,,SUV,MPV,AWD,4.0,Regular,Automatic (AV-S6),0.164,4.0
2024 TOYOTA HIGHLANDER,5.0,"7
8",35.0,,,,1750.0,,SUV,MPV,AWD,4.0,Regular,Automatic (AV-S6),0.164,4.0
2021 HYUNDAI SANTA FE,5.0,5,34.0,,,,1500.0,,SUV,MPV,AWD,4.0,Regular,Automatic (AM-S6),0.147,4.0
2022 HYUNDAI SANTA FE,5.0,5,34.0,,,,1500.0,,SUV,MPV,AWD,4.0,Regular,Automatic (AM-S6),0.147,4.0
2023 HYUNDAI SANTA FE,5.0,5,34.0,,,,1500.0,,SUV,MPV,AWD,4.0,Regular,Automatic (AM-S6),0.147,4.0
2024 KIA SORENTO,5.0,"6
7",34.0,,,,1500.0,,SUV,MPV,AWD,4.0,Regular,Automatic (AM-S6),0.159,4.0
2024 KIA SORENTO,5.0,"6
7",34.0,,,,3000.0,,SUV,MPV,AWD,4.0,Regular Gas and Electricity,Automatic (AM-S6),0.159,4.0
2021 LINCOLN CORSAIR,5.0,5,33.0,,,,2750.0,,SUV,MPV,AWD,4.0,Regular Gas and Electricity,Automatic (variable gear ratios),0.174,4.0
2022 HYUNDAI SANTA FE,5.0,5,33.0,,,,2500.0,,SUV,MPV,AWD,4.0,Regular Gas and Electricity,Automatic (AM-S6),0.147,4.0
2022 LINCOLN CORSAIR,5.0,5,33.0,,,,2750.0,,SUV,MPV,AWD,4.0,Regular Gas and Electricity,Automatic (variable gear ratios),0.174,4.0
2022 NISSAN ROGUE,5.0,5 or 7,33.0,,,,1250.0,,SUV,MPV,AWD,3.0,Regular,Automatic (AV-S8),0.179,4.0
2023 HYUNDAI SANTA FE,5.0,5,33.0,,,,2500.0,,SUV,MPV,AWD,4.0,Regular Gas and Electricity,Automatic (AM-S6),0.147,4.0
2023 LINCOLN CORSAIR,5.0,5,33.0,,,,2500.0,,SUV,MPV,AWD,4.0,Regular Gas and Electricity,Automatic (variable gear ratios),0.174,4.0
2024 NISSAN ROGUE,5.0,7,33.0,,,,1250.0,,SUV,MPV,AWD,3.0,Regular,Automatic (AV-S8),0.179,4.0
2017 TOYOTA RAV4,5.0,5,32.0,,,,1000.0,,SUV,MPV,AWD,4.0,Regular,Automatic (AV-S6),0.169,4.0
2018 TOYOTA RAV4,5.0,5,32.0,,,,1000.0,,SUV,MPV,AWD,4.0,Regular,Automatic (AV-S6),0.169,4.0
2021 HYUNDAI SANTA FE,5.0,5,32.0,,,,1000.0,,SUV,MPV,AWD,4.0,Regular,Automatic (AM-S6),0.147,4.0
2022 HYUNDAI KONA,5.0,5,32.0,,,,1000.0,,SUV,MPV,AWD,4.0,Regular,Automatic (AM-S7),0.136,4.0
2022 HYUNDAI KONA,5.0,5,32.0,,,,1000.0,,SUV,MPV,AWD,4.0,Regular,Automatic (AV-S1),0.136,4.0
2022 HYUNDAI SANTA FE,5.0,5,32.0,,,,1000.0,,SUV,MPV,AWD,4.0,Regular,Automatic (AM-S6),0.147,4.0
2022 NISSAN ROGUE,5.0,5 or 7,32.0,,,,1000.0,,SUV,MPV,AWD,3.0,Regular,Automatic (AV-S8),0.179,4.0
2023 HYUNDAI KONA,5.0,5,32.0,,,,1000.0,,SUV,MPV,AWD,4.0,Regular,Automatic (AV-S1),0.136,4.0
2023 HYUNDAI KONA,5.0,5,32.0,,,,1000.0,,SUV,MPV,AWD,4.0,Regular,Automatic (AM-S7),0.136,4.0
2023 HYUNDAI SANTA FE,5.0,5,32.0,,,,1000.0,,SUV,MPV,AWD,4.0,Regular,Automatic (AM-S6),0.147,4.0
2024 NISSAN ROGUE,5.0,7,32.0,,,,1000.0,,SUV,MPV,AWD,3.0,Regular,Automatic (AV-S8),0.179,4.0
2020 BUICK ENCORE,5.0,5,31.0,,,,750.0,,SUV,MPV,AWD,3.0,Regular,Automatic (variable gear ratios),0.179,4.0
2021 BUICK ENCORE,5.0,5,31.0,,,,750.0,,SUV,MPV,AWD,3.0,Regular,Automatic (variable gear ratios),0.179,4.0
2021 CHEVROLET TRAILBLAZER,5.0,5,31.0,,,,750.0,,SUV,MPV,AWD,3.0,Regular,Automatic (variable gear ratios),0.179,4.0
2022 CHEVROLET TRAILBLAZER,5.0,5,31.0,,,,750.0,,SUV,MPV,AWD,3.0,Regular,Automatic (variable gear ratios),0.179,4.0
2022 NISSAN ROGUE,5.0,5 or 7,31.0,,,,750.0,,SUV,MPV,AWD,3.0,Regular,Automatic (AV-S8),0.179,4.0
2022 NISSAN ROGUE,5.0,5 or 7,31.0,,,,750.0,,SUV,MPV,AWD,3.0,Regular,Automatic (AV-S8),0.179,4.0
2024 CHEVROLET TRAILBLAZER,5.0,5,31.0,,,,750.0,,SUV,MPV,AWD,3.0,Regular,Automatic (variable gear ratios),0.179,4.0
2024 KIA SELTOS,5.0,5,31.0,,,,750.0,,SUV,MPV,AWD,4.0,Regular,Automatic (AV-S8),0.151,4.0
2024 NISSAN ROGUE,5.0,7,31.0,,,,750.0,,SUV,MPV,AWD,3.0,Regular,Automatic (AV-S8),0.179,4.0
2024 NISSAN ROGUE,5.0,7,31.0,,,,750.0,,SUV,MPV,AWD,3.0,Regular,Automatic (AV-S8),0.179,4.0
2017 BUICK ENCORE,5.0,5,30.0,,,,500.0,,SUV,MPV,AWD,4.0,Regular,Automatic (S6),0.179,4.0
2017 HONDA CR-V,5.0,5,30.0,,,,500.0,,SUV,MPV,AWD,4.0,Regular,Automatic (variable gear ratios),0.162,4.0
2018 BUICK ENCORE,5.0,5,30.0,,,,500.0,,SUV,MPV,AWD,4.0,Regular,Automatic (S6),0.179,4.0
2018 HONDA CR-V,5.0,5,30.0,,,,500.0,,SUV,MPV,AWD,4.0,Regular,Automatic (variable gear ratios),0.162,4.0
2019 HONDA CR-V,5.0,5,30.0,,,,500.0,,SUV,MPV,AWD,4.0,Regular,Automatic (variable gear ratios),0.164,4.0
2019 HYUNDAI KONA,5.0,5,30.0,,,,500.0,,SUV,MPV,AWD,4.0,Regular,Automatic (AM7),0.136,4.0
2019 HYUNDAI KONA,5.0,5,30.0,,,,500.0,,SUV,MPV,AWD,4.0,Regular,Automatic (S6),0.136,4.0
2019 TOYOTA RAV4,5.0,5,30.0,,,,500.0,,SUV,MPV,AWD,4.0,Regular,Automatic (S8),0.155,4.0
2019 TOYOTA RAV4,5.0,5,30.0,,,,500.0,,SUV,MPV,AWD,4.0,Regular,Automatic (S8),0.155,4.0
2020 FORD ESCAPE,5.0,5,30.0,,,,500.0,,SUV,MPV,AWD,3.0,Regular,Automatic 8-spd,0.174,4.0
2020 HONDA CR-V,5.0,5,30.0,,,,500.0,,SUV,MPV,AWD,4.0,Regular,Automatic (variable gear ratios),0.164,4.0
2020 HYUNDAI KONA,5.0,5,30.0,,,,500.0,,SUV,MPV,AWD,4.0,Regular,Automatic (AM7),0.136,4.0
2020 HYUNDAI KONA,5.0,5,30.0,,,,500.0,,SUV,MPV,AWD,4.0,Regular,Automatic (S6),0.136,4.0
2020 SUBARU CROSSTREK,5.0,5,30.0,,,,500.0,,SW,MPV,AWD,4.0,Regular,Automatic (AV-S8),0.156,4.0
2020 TOYOTA RAV4,5.0,5,30.0,,,,500.0,,SUV,MPV,AWD,4.0,Regular,Automatic (S8),0.155,4.0
2020 TOYOTA RAV4,5.0,5,30.0,,,,500.0,,SUV,MPV,AWD,4.0,Regular,Automatic (S8),0.155,4.0
2020 TOYOTA RAV4,5.0,5,30.0,,,,500.0,,SUV,MPV,AWD,4.0,Regular,Automatic (S8),0.155,4.0
2021 FORD ESCAPE,5.0,5,30.0,,,,500.0,,SUV,MPV,AWD,3.0,Regular,Automatic 8-spd,0.174,4.0
2021 HONDA CR-V,5.0,5,30.0,,,,500.0,,SUV,MPV,AWD,4.0,Regular,Automatic (variable gear ratios),0.164,4.0
2021 HYUNDAI KONA,5.0,5,30.0,,,,500.0,,SUV,MPV,AWD,4.0,Regular,Automatic (AM7),0.136,4.0
2021 HYUNDAI KONA,5.0,5,30.0,,,,500.0,,SUV,MPV,AWD,4.0,Regular,Automatic (S6),0.136,4.0
2021 SUBARU CROSSTREK,5.0,5,30.0,,,,500.0,,SW,MPV,AWD,4.0,Regular,Automatic (AV-S8),0.156,4.0
2021 TOYOTA RAV4,5.0,5,30.0,,,,500.0,,SUV,MPV,AWD,4.0,Regular,Automatic (S8),0.155,4.0
2021 TOYOTA RAV4,5.0,5,30.0,,,,500.0,,SUV,MPV,AWD,4.0,Regular,Automatic (S8),0.155,4.0
2021 TOYOTA RAV4,5.0,5,30.0,,,,500.0,,SUV,MPV,AWD,4.0,Regular,Automatic (S8),0.155,4.0
2022 BUICK ENCORE,5.0,5,30.0,,,,500.0,,SUV,MPV,AWD,3.0,Regular,Automatic (variable gear ratios),0.179,4.0
2022 BUICK ENCORE,5.0,5,30.0,,,,500.0,,SUV,MPV,AWD,3.0,Regular,Automatic (variable gear ratios),0.179,4.0
2022 CHEVROLET TRAILBLAZER,5.0,5,30.0,,,,500.0,,SUV,MPV,AWD,3.0,Regular,Automatic (variable gear ratios),0.179,4.0
2022 FORD ESCAPE,5.0,5,30.0,,,,500.0,,SUV,MPV,AWD,3.0,Regular,Automatic 8-spd,0.174,4.0
2022 HONDA CR-V,5.0,5,30.0,,,,500.0,,SUV,MPV,AWD,4.0,Regular,Automatic (variable gear ratios),0.164,4.0
2022 HYUNDAI KONA,5.0,5,30.0,,,,500.0,,SUV,MPV,AWD,4.0,Regular,Automatic (AV-S1),0.136,4.0
2022 SUBARU CROSSTREK,5.0,5,30.0,,,,500.0,,SW,MPV,AWD,4.0,Regular,Automatic (AV-S8),0.156,4.0
2022 TOYOTA RAV4,5.0,5,30.0,,,,500.0,,SUV,MPV,AWD,4.0,Regular,Automatic (S8),0.155,4.0
2022 TOYOTA RAV4,5.0,5,30.0,,,,500.0,,SUV,MPV,AWD,4.0,Regular,Automatic (S8),0.155,4.0
2022 TOYOTA RAV4,5.0,5,30.0,,,,500.0,,SUV,MPV,AWD,4.0,Regular,Automatic (S8),0.155,4.0
2023 FORD ESCAPE,5.0,5,30.0,,,,500.0,,SUV,MPV,AWD,3.0,Regular,Automatic 8-spd,0.174,4.0
2023 HONDA CR-V,5.0,5,30.0,,,,500.0,,SUV,MPV,AWD,4.0,Regular,Automatic (variable gear ratios),0.155,4.0
2023 HYUNDAI KONA,5.0,5,30.0,,,,500.0,,SUV,MPV,AWD,4.0,Regular,Automatic (AV-S1),0.136,4.0
2023 SUBARU CROSSTREK,5.0,5,30.0,,,,500.0,,SW,MPV,AWD,4.0,Regular,Automatic (AV-S8),0.156,4.0
2023 TOYOTA RAV4,5.0,5,30.0,,,,500.0,,SUV,MPV,AWD,4.0,Regular,Automatic (S8),0.155,4.0
2023 TOYOTA RAV4,5.0,5,30.0,,,,500.0,,SUV,MPV,AWD,4.0,Regular,Automatic (S8),0.155,4.0
2023 TOYOTA RAV4,5.0,5,30.0,,,,500.0,,SUV,MPV,AWD,4.0,Regular,Automatic (S8),0.155,4.0
2024 FORD ESCAPE,5.0,5,30.0,,,,500.0,,SUV,MPV,AWD,3.0,Regular,Automatic 8-spd,0.174,4.0
2024 HONDA CR-V,5.0,5,30.0,,,,500.0,,SUV,MPV,AWD,4.0,Regular,Automatic (variable gear ratios),0.155,4.0
2024 TOYOTA RAV4,5.0,5,30.0,,,,500.0,,SUV,MPV,AWD,4.0,Regular,Automatic (S8),0.155,4.0
2024 TOYOTA RAV4,5.0,5,30.0,,,,500.0,,SUV,MPV,AWD,4.0,Regular,Automatic (S8),0.155,4.0
2017 HONDA CR-V,5.0,5,29.0,,,,250.0,,SUV,MPV,AWD,4.0,Regular,Automatic (variable gear ratios),0.162,4.0
2017 SUBARU CROSSTREK,5.0,5,29.0,,,,250.0,,SW,MPV,AWD,4.0,Regular,Automatic (AV-S6),0.151,4.0
2017 TOYOTA HIGHLANDER,5.0,7 or 8,29.0,,,,250.0,,SUV,MPV,AWD,6.0,Regular,Automatic (AV-S6),0.169,4.0
2018 HONDA CR-V,5.0,5,29.0,,,,250.0,,SUV,MPV,AWD,4.0,Regular,Automatic (variable gear ratios),0.162,4.0
2018 SUBARU CROSSTREK,5.0,5,29.0,,,,250.0,,SW,MPV,AWD,4.0,Regular,Automatic (AV-S7),0.156,4.0
2018 TOYOTA HIGHLANDER,5.0,7 or 8,29.0,,,,250.0,,SUV,MPV,AWD,6.0,Regular,Automatic (AV-S6),0.169,4.0
2019 HONDA CR-V,5.0,5,29.0,,,,250.0,,SUV,MPV,AWD,4.0,Regular,Automatic (variable gear ratios),0.164,4.0
2019 SUBARU CROSSTREK,5.0,5,29.0,,,,250.0,,SW,MPV,AWD,4.0,Regular,Automatic (AV-S7),0.156,4.0
2019 SUBARU FORESTER,5.0,5,29.0,,,,250.0,,SUV,MPV,AWD,4.0,Regular,Automatic (AV-S7),0.169,4.0
2019 TOYOTA HIGHLANDER,5.0,7 or 8,29.0,,,,250.0,,SUV,MPV,AWD,6.0,Regular,Automatic (AV-S6),0.185,4.0
2020 HONDA CR-V,5.0,5,29.0,,,,250.0,,SUV,MPV,AWD,4.0,Regular,Automatic (variable gear ratios),0.164,4.0
2020 SUBARU FORESTER,5.0,5,29.0,,,,250.0,,SUV,MPV,AWD,4.0,Regular,Automatic (AV-S7),0.169,4.0
2020 SUBARU OUTBACK,5.0,5,29.0,,,,250.0,,SUV,MPV,AWD,4.0,Regular,Automatic (AV-S8),0.185,4.0
2020 TOYOTA RAV4,5.0,5,29.0,,,,250.0,,SUV,MPV,AWD,4.0,Regular,Automatic (S8),0.155,4.0
2021 BUICK ENCORE,5.0,5,29.0,,,,250.0,,SUV,MPV,AWD,3.0,Regular,Automatic (variable gear ratios),0.179,4.0
2021 CHEVROLET TRAILBLAZER,5.0,5,29.0,,,,250.0,,SUV,MPV,AWD,3.0,Regular,Automatic (variable gear ratios),0.179,4.0
2021 HONDA CR-V,5.0,5,29.0,,,,250.0,,SUV,MPV,AWD,4.0,Regular,Automatic (variable gear ratios),0.164,4.0
2021 SUBARU CROSSTREK,5.0,5,29.0,,,,250.0,,SW,MPV,AWD,4.0,Regular,Automatic (AV-S8),0.156,4.0
2021 SUBARU FORESTER,5.0,5,29.0,,,,250.0,,SUV,MPV,AWD,4.0,Regular,Automatic (AV-S7),0.169,4.0
2021 SUBARU OUTBACK,5.0,5,29.0,,,,250.0,,SUV,MPV,AWD,4.0,Regular,Automatic (AV-S8),0.185,4.0
2021 TOYOTA RAV4,5.0,5,29.0,,,,250.0,,SUV,MPV,AWD,4.0,Regular,Automatic (S8),0.155,4.0
2022 HONDA CR-V,5.0,5,29.0,,,,250.0,,SUV,MPV,AWD,4.0,Regular,Automatic (variable gear ratios),0.164,4.0
2022 HYUNDAI KONA,5.0,5,29.0,,,,250.0,,SUV,MPV,AWD,4.0,Regular,Automatic (AM-S7),0.136,4.0
2022 SUBARU CROSSTREK,5.0,5,29.0,,,,250.0,,SW,MPV,AWD,4.0,Regular,Automatic (AV-S8),0.156,4.0
2022 SUBARU FORESTER,5.0,5,29.0,,,,250.0,,SUV,MPV,AWD,4.0,Regular,Automatic (AV-S7),0.169,4.0
2022 SUBARU OUTBACK,5.0,5,29.0,,,,250.0,,SW,MPV,AWD,4.0,Regular,Automatic (AV-S8),0.185,4.0
2022 TOYOTA RAV4,5.0,5,29.0,,,,250.0,,SUV,MPV,AWD,4.0,Regular,Automatic (S8),0.155,4.0
2023 HONDA CR-V,5.0,5,29.0,,,,250.0,,SUV,MPV,AWD,4.0,Regular,Automatic (variable gear ratios),0.155,4.0
2023 HYUNDAI KONA,5.0,5,29.0,,,,250.0,,SUV,MPV,AWD,4.0,Regular,Automatic (AM-S7),0.136,4.0
2023 MAZDA CX-30,5.0,5,29.0,,,,250.0,,SUV,MPV,AWD,4.0,Regular,Automatic (S6),0.147,4.0
2023 SUBARU CROSSTREK,5.0,5,29.0,,,,250.0,,SW,MPV,AWD,4.0,Regular,Automatic (AV-S8),0.156,4.0
2023 SUBARU FORESTER,5.0,5,29.0,,,,250.0,,SUV,MPV,AWD,4.0,Regular,Automatic (AV-S7),0.169,4.0
2023 TOYOTA RAV4,5.0,5,29.0,,,,250.0,,SUV,MPV,AWD,4.0,Regular,Automatic (S8),0.155,4.0
2024 HONDA CR-V,5.0,5,29.0,,,,250.0,,SUV,MPV,AWD,4.0,Regular,Automatic (variable gear ratios),0.155,4.0
2024 KIA SELTOS,5.0,5,29.0,,,,250.0,,SUV,MPV,AWD,4.0,Regular,Automatic (AV-S8),0.151,4.0
2024 SUBARU CROSSTREK,5.0,5,29.0,,,,250.0,,SW,MPV,AWD,4.0,Regular,Automatic (AV-S8),0.164,4.0
2024 SUBARU CROSSTREK,5.0,5,29.0,,,,250.0,,SW,MPV,AWD,4.0,Regular,Automatic (AV-S8),0.164,4.0
2024 SUBARU FORESTER,5.0,5,29.0,,,,250.0,,SUV,MPV,AWD,4.0,Regular,Automatic (AV-S8),0.169,4.0
2024 TOYOTA RAV4,5.0,5,29.0,,,,250.0,,SUV,MPV,AWD,4.0,Regular,Automatic (S8),0.155,4.0
2017 BUICK ENCORE,5.0,5,28.0,,,,0.0,,SUV,MPV,AWD,4.0,Regular,Automatic (S6),0.179,4.0
2017 BUICK ENCORE,5.0,5,28.0,,,,0.0,,SUV,MPV,AWD,4.0,Regular,Automatic (S6),0.179,4.0
2017 CHEVROLET TRAX,5.0,5,28.0,,,,0.0,,SUV,MPV,AWD,4.0,Regular,Automatic (S6),0.179,4.0
2017 HONDA CR-V,5.0,5,28.0,,,,0.0,,SUV,MPV,AWD,4.0,Regular,Automatic (variable gear ratios),0.162,4.0
2017 HYUNDAI TUCSON,5.0,5,28.0,,,,0.0,,SUV,MPV,AWD,4.0,Regular,Automatic (AM7),0.162,4.0
2017 SUBARU FORESTER,5.0,5,28.0,,,,0.0,,SUV,MPV,AWD,4.0,Regular,Automatic (variable gear ratios),0.169,4.0
2017 TOYOTA HIGHLANDER,5.0,7 or 8,28.0,,,,0.0,,SUV,MPV,AWD,6.0,Regular,Automatic (AV-S6),0.169,4.0
2018 BUICK ENCORE,5.0,5,28.0,,,,0.0,,SUV,MPV,AWD,4.0,Regular,Automatic (S6),0.179,4.0
2018 BUICK ENCORE,5.0,5,28.0,,,,0.0,,SUV,MPV,AWD,4.0,Regular,Automatic (S6),0.179,4.0
2018 CHEVROLET EQUINOX,5.0,5,28.0,,,,0.0,,SUV,MPV,AWD,4.0,Regular,Automatic 6-spd,0.164,4.0
2018 GMC TERRAIN,5.0,5,28.0,,,,0.0,,SUV,MPV,AWD,4.0,Regular,Automatic 9-spd,0.164,4.0
2018 HONDA CR-V,5.0,5,28.0,,,,0.0,,SUV,MPV,AWD,4.0,Regular,Automatic (variable gear ratios),0.162,4.0
2018 SUBARU OUTBACK,5.0,5,28.0,,,,0.0,,SW,MPV,AWD,4.0,Regular,Automatic (AV-S7),0.174,4.0
2018 TOYOTA HIGHLANDER,5.0,7 or 8,28.0,,,,0.0,,SUV,MPV,AWD,6.0,Regular,Automatic (AV-S6),0.169,4.0
2019 BUICK ENCORE,5.0,5,28.0,,,,0.0,,SUV,MPV,AWD,4.0,Regular,Automatic (S6),0.179,4.0
2019 CHEVROLET EQUINOX,5.0,5,28.0,,,,0.0,,SUV,MPV,AWD,4.0,Regular,Automatic 6-spd,0.185,4.0
2019 CHEVROLET TRAX,5.0,5,28.0,,,,0.0,,SUV,MPV,AWD,4.0,Regular,Automatic (S6),0.179,4.0
2019 GMC TERRAIN,5.0,5,28.0,,,,0.0,,SUV,MPV,AWD,4.0,Regular,Automatic 9-spd,0.164,4.0
2019 HONDA CR-V,5.0,5,28.0,,,,0.0,,SUV,MPV,AWD,4.0,Regular,Automatic (variable gear ratios),0.164,4.0
2019 MAZDA CX-5,5.0,5,28.0,,,,0.0,,SUV,MPV,AWD,4.0,Regular,Automatic (S6),0.169,4.0
2019 SUBARU OUTBACK,5.0,5,28.0,,,,0.0,,SW,MPV,AWD,4.0,Regular,Automatic (AV-S7),0.174,4.0
2019 TOYOTA HIGHLANDER,5.0,7 or 8,28.0,,,,0.0,,SUV,MPV,AWD,6.0,Regular,Automatic (AV-S6),0.185,4.0
2019 TOYOTA RAV4,5.0,5,28.0,,,,0.0,,SUV,MPV,AWD,4.0,Regular,Automatic (S8),0.155,4.0
2020 BUICK ENCORE,5.0,5,28.0,,,,0.0,,SUV,MPV,AWD,3.0,Regular,Automatic 9-spd,0.179,4.0
2020 BUICK ENCORE,5.0,5,28.0,,,,0.0,,SUV,MPV,AWD,3.0,Regular,Automatic (variable gear ratios),0.179,4.0
2020 CHEVROLET EQUINOX,5.0,5,28.0,,,,0.0,,SUV,MPV,AWD,4.0,Regular,Automatic 6-spd,0.185,4.0
2020 CHEVROLET TRAX,5.0,5,28.0,,,,0.0,,SUV,MPV,AWD,4.0,Regular,Automatic (S6),0.179,4.0
2020 FORD ESCAPE,5.0,5,28.0,,,,0.0,,SUV,MPV,AWD,3.0,Regular,Automatic 8-spd,0.174,4.0
2020 FORD EXPLORER,5.0,"6,7",28.0,,,,0.0,,SUV,MPV,4WD,6.0,Regular,Automatic (S10),0.151,4.0
2020 HYUNDAI KONA,5.0,5,28.0,,,,0.0,,SUV,MPV,AWD,4.0,Regular,Automatic (S6),0.136,4.0
2020 MAZDA CX-30,5.0,5,28.0,,,,0.0,,SUV,MPV,AWD,4.0,Regular,Automatic (S6),0.147,4.0
2020 MAZDA CX-30,5.0,5,28.0,,,,0.0,,SUV,MPV,AWD,4.0,Regular,Automatic (S6),0.147,4.0
2020 MAZDA CX-5,5.0,5,28.0,,,,0.0,,SUV,MPV,AWD,4.0,Regular,Automatic (S6),0.169,4.0
2020 TOYOTA RAV4,5.0,5,28.0,,,,0.0,,SUV,MPV,AWD,4.0,Regular,Automatic (S8),0.155,4.0
2021 BUICK ENCORE,5.0,5,28.0,,,,0.0,,SUV,MPV,AWD,3.0,Regular,Automatic 9-spd,0.179,4.0
2021 CHEVROLET EQUINOX,5.0,5,28.0,,,,0.0,,SUV,MPV,AWD,4.0,Regular,Automatic 6-spd,0.185,4.0
2021 CHEVROLET TRAILBLAZER,5.0,5,28.0,,,,0.0,,SUV,MPV,AWD,3.0,Regular,Automatic 9-spd,0.179,4.0
2021 CHEVROLET TRAX,5.0,5,28.0,,,,0.0,,SUV,MPV,AWD,4.0,Regular,Automatic (S6),0.179,4.0
2021 FORD ESCAPE,5.0,5,28.0,,,,0.0,,SUV,MPV,AWD,3.0,Regular,Automatic 8-spd,0.174,4.0
2021 MAZDA CX-30,5.0,5,28.0,,,,0.0,,SUV,MPV,AWD,4.0,Regular,Automatic (S6),0.147,4.0
2021 MAZDA CX-30,5.0,5,28.0,,,,0.0,,SUV,MPV,AWD,4.0,Regular,Automatic (S6),0.147,4.0
2021 MAZDA CX-5,5.0,5,28.0,,,,0.0,,SUV,MPV,AWD,4.0,Regular,Automatic (S6),0.169,4.0
2021 TOYOTA RAV4,5.0,5,28.0,,,,0.0,,SUV,MPV,AWD,4.0,Regular,Automatic (S8),0.155,4.0
2021 TOYOTA RAV4,5.0,5,28.0,,,,0.0,,SUV,MPV,AWD,4.0,Regular,Automatic (S8),0.155,4.0
2022 CHEVROLET TRAILBLAZER,5.0,5,28.0,,,,0.0,,SUV,MPV,AWD,3.0,Regular,Automatic 9-spd,0.179,4.0
2022 FORD ESCAPE,5.0,5,28.0,,,,0.0,,SUV,MPV,AWD,3.0,Regular,Automatic 8-spd,0.174,4.0
2022 TOYOTA RAV4,5.0,5,28.0,,,,0.0,,SUV,MPV,AWD,4.0,Regular,Automatic (S8),0.155,4.0
2022 TOYOTA RAV4,5.0,5,28.0,,,,0.0,,SUV,MPV,AWD,4.0,Regular,Automatic (S8),0.155,4.0
2023 FORD ESCAPE,5.0,5,28.0,,,,0.0,,SUV,MPV,AWD,3.0,Regular,Automatic 8-spd,0.174,4.0
2023 KIA SPORTAGE,5.0,5,28.0,,,,0.0,,SUV,MPV,AWD,4.0,Regular,Automatic (S8),0.169,4.0
2023 SUBARU OUTBACK,5.0,5,28.0,,,,0.0,,SW,MPV,AWD,4.0,Regular,Automatic (AV-S8),0.185,4.0
2023 TOYOTA RAV4,5.0,5,28.0,,,,0.0,,SUV,MPV,AWD,4.0,Regular,Automatic (S8),0.155,4.0
2023 TOYOTA RAV4,5.0,5,28.0,,,,0.0,,SUV,MPV,AWD,4.0,Regular,Automatic (S8),0.155,4.0
2024 FORD ESCAPE,5.0,5,28.0,,,,0.0,,SUV,MPV,AWD,3.0,Regular,Automatic 8-spd,0.174,4.0
2024 HYUNDAI TUCSON,5.0,5,28.0,,,,0.0,,SUV Early Release,MPV,AWD,4.0,Regular,Automatic (S8),0.174,4.0
2024 KIA SPORTAGE,5.0,5,28.0,,,,0.0,,SUV,MPV,AWD,4.0,Regular,Automatic (S8),0.169,4.0
2024 MAZDA CX-5,5.0,5,28.0,,,,0.0,,SUV,MPV,AWD,4.0,Regular,Automatic (S6),0.169,4.0
2024 SUBARU OUTBACK,5.0,5,28.0,,,,0.0,,SW,MPV,AWD,4.0,Regular,Automatic (AV-S8),0.185,4.0
2024 TOYOTA RAV4,5.0,5,28.0,,,,0.0,,SUV,MPV,AWD,4.0,Regular,Automatic (S8),0.155,4.0
2024 TOYOTA RAV4,5.0,5,28.0,,,,0.0,,SUV,MPV,AWD,4.0,Regular,Automatic (S8),0.155,4.0
2017 BUICK ENCORE,5.0,5,27.0,,,,-250.0,,SUV,MPV,AWD,4.0,Regular,Automatic (S6),0.179,4.0
2017 CHEVROLET TRAX,5.0,5,27.0,,,,-250.0,,SUV,MPV,AWD,4.0,Regular,Automatic (S6),0.179,4.0
2017 HONDA CR-V,5.0,5,27.0,,,,-250.0,,SUV,MPV,AWD,4.0,Regular,Automatic (variable gear ratios),0.162,4.0
2017 HYUNDAI TUCSON,5.0,5,27.0,,,,-250.0,,SUV,MPV,AWD,4.0,Regular,Automatic (AM7),0.162,4.0
2017 HYUNDAI TUCSON,5.0,5,27.0,,,,-250.0,,SUV,MPV,AWD,4.0,Regular,Automatic (AM7),0.162,4.0
2017 MITSUBISHI OUTLANDER,5.0,7,27.0,,,,-250.0,,SUV,MPV,AWD,4.0,Regular,Automatic (AV-S6),0.164,4.0
2017 MITSUBISHI OUTLANDER,5.0,7,27.0,,,,-250.0,,SUV,MPV,AWD,4.0,Regular,Automatic (AV-S6),0.164,4.0
2018 BUICK ENCORE,5.0,5,27.0,,,,-250.0,,SUV,MPV,AWD,4.0,Regular,Automatic (S6),0.179,4.0
2018 HONDA CR-V,5.0,5,27.0,,,,-250.0,,SUV,MPV,AWD,4.0,Regular,Automatic (variable gear ratios),0.162,4.0
2018 HYUNDAI TUCSON,5.0,5,27.0,,,,-250.0,,SUV,MPV,AWD,4.0,Regular,Automatic (AM7),0.162,4.0
2018 MITSUBISHI OUTLANDER,5.0,7,27.0,,,,-250.0,,SUV,MPV,AWD,4.0,Regular,Automatic (AV-S6),0.164,4.0
2018 MITSUBISHI OUTLANDER,5.0,7,27.0,,,,-250.0,,SUV,MPV,AWD,4.0,Regular,Automatic (AV-S6),0.164,4.0
2019 BUICK ENCORE,5.0,5,27.0,,,,-250.0,,SUV,MPV,AWD,4.0,Regular,Automatic (S6),0.179,4.0
2019 BUICK ENCORE,5.0,5,27.0,,,,-250.0,,SUV,MPV,AWD,4.0,Regular,Automatic (S6),0.179,4.0
2019 CHEVROLET EQUINOX,5.0,5,27.0,,,,-250.0,,SUV,MPV,AWD,4.0,Regular,Automatic 6-spd,0.185,4.0
2019 HONDA CR-V,5.0,5,27.0,,,,-250.0,,SUV,MPV,AWD,4.0,Regular,Automatic (variable gear ratios),0.164,4.0
2019 HYUNDAI KONA,5.0,5,27.0,,,,-250.0,,SUV,MPV,AWD,4.0,Regular,Automatic (AM7),0.136,4.0
2019 HYUNDAI KONA,5.0,5,27.0,,,,-250.0,,SUV,MPV,AWD,4.0,Regular,Automatic (S6),0.136,4.0
2019 MITSUBISHI OUTLANDER,5.0,7,27.0,,,,-250.0,,SUV,MPV,AWD,4.0,Regular,Automatic (AV-S6),0.164,4.0
2019 MITSUBISHI OUTLANDER,5.0,7,27.0,,,,-250.0,,SUV,MPV,AWD,4.0,Regular,Automatic (AV-S6),0.164,4.0
2020 BUICK ENCORE,5.0,5,27.0,,,,-250.0,,SUV,MPV,AWD,4.0,Regular,Automatic (S6),0.179,4.0
2020 CHEVROLET EQUINOX,5.0,5,27.0,,,,-250.0,,SUV,MPV,AWD,4.0,Regular,Automatic 6-spd,0.185,4.0
2020 GMC TERRAIN,5.0,5,27.0,,,,-250.0,,SUV,MPV,AWD,4.0,Regular,Automatic 9-spd,0.164,4.0
2020 HYUNDAI KONA,5.0,5,27.0,,,,-250.0,,SUV,MPV,AWD,4.0,Regular,Automatic (AM7),0.136,4.0
2020 MAZDA CX-30,5.0,5,27.0,,,,-250.0,,SUV,MPV,AWD,4.0,Regular,Automatic (S6),0.147,4.0
2020 MITSUBISHI ECLIPSE CROSS,5.0,5,27.0,,,,-250.0,,SUV,MPV,AWD,4.0,Regular,Automatic (AV-S8),0.185,4.0
2020 MITSUBISHI OUTLANDER,5.0,7,27.0,,,,-250.0,,SUV,MPV,AWD,4.0,Regular,Automatic (AV-S6),0.164,4.0
2020 MITSUBISHI OUTLANDER,5.0,7,27.0,,,,-250.0,,SUV,MPV,AWD,4.0,Regular,Automatic (AV-S6),0.164,4.0
2020 TOYOTA RAV4,5.0,5,27.0,,,,-250.0,,SUV,MPV,AWD,4.0,Regular,Automatic (S8),0.155,4.0
2021 BUICK ENCORE,5.0,5,27.0,,,,-250.0,,SUV,MPV,AWD,4.0,Regular,Automatic (S6),0.179,4.0
2021 BUICK ENCORE,5.0,5,27.0,,,,-250.0,,SUV,MPV,AWD,4.0,Regular,Automatic (S6),0.179,4.0
2021 CHEVROLET EQUINOX,5.0,5,27.0,,,,-250.0,,SUV,MPV,AWD,4.0,Regular,Automatic 6-spd,0.185,4.0
2021 CHEVROLET TRAX,5.0,5,27.0,,,,-250.0,,SUV,MPV,AWD,4.0,Regular,Automatic (S6),0.179,4.0
2021 FORD EXPLORER,5.0,"6,7",27.0,,,,-250.0,,SUV,MPV,4WD,6.0,Regular,Automatic (S10),0.151,4.0
2021 GMC TERRAIN,5.0,5,27.0,,,,-250.0,,SUV,MPV,AWD,4.0,Regular,Automatic 9-spd,0.164,4.0
2021 HYUNDAI KONA,5.0,5,27.0,,,,-250.0,,SUV,MPV,AWD,4.0,Regular,Automatic (AM7),0.136,4.0
2021 HYUNDAI KONA,5.0,5,27.0,,,,-250.0,,SUV,MPV,AWD,4.0,Regular,Automatic (S6),0.136,4.0
2022 BUICK ENCORE,5.0,5,27.0,,,,-250.0,,SUV,MPV,AWD,4.0,Regular,Automatic (S6),0.179,4.0
2022 BUICK ENCORE,5.0,5,27.0,,,,-250.0,,SUV,MPV,AWD,3.0,Regular,Automatic 9-spd,0.179,4.0
2022 CHEVROLET TRAX,5.0,5,27.0,,,,-250.0,,SUV,MPV,AWD,4.0,Regular,Automatic (S6),0.179,4.0
2022 GMC TERRAIN,5.0,5,27.0,,,,-250.0,,SUV,MPV,AWD,4.0,Regular,Automatic 9-spd,0.164,4.0
2022 MITSUBISHI ECLIPSE CROSS,5.0,5,27.0,,,,-250.0,,SUV,MPV,AWD,4.0,Regular,Automatic (AV-S8),0.185,4.0
2023 FORD EXPLORER,5.0,7,27.0,,,,-250.0,,SUV,MPV,4WD,6.0,Regular,Automatic 10-spd,0.151,4.0
2023 MAZDA CX-50,5.0,5,27.0,,,,-250.0,,SUV,MPV,AWD,4.0,Regular,Automatic (S6),0.155,4.0
2023 MITSUBISHI ECLIPSE CROSS,5.0,5,27.0,,,,-250.0,,SUV,MPV,AWD,4.0,Regular,Automatic (AV-S8),0.185,4.0
2024 CHEVROLET TRAILBLAZER,5.0,5,27.0,,,,-250.0,,SUV,MPV,AWD,3.0,Regular,Automatic 9-spd,0.179,4.0
2024 MAZDA CX-50,5.0,5,27.0,,,,-250.0,,SUV Later Release,MPV,AWD,4.0,Regular,Automatic (S6),0.0,4.0
2024 MAZDA CX-50,5.0,5,27.0,,,,-250.0,,SUV Early Release,MPV,AWD,4.0,Regular,Automatic (S6),0.155,4.0
2024 SUBARU CROSSTREK,5.0,5,27.0,,,,-250.0,,SW,MPV,AWD,4.0,Regular,Automatic (AV-S8),0.164,4.0
2017 FORD ESCAPE,5.0,5,26.0,,,,-500.0,,SUV,MPV,AWD,4.0,Regular,Automatic (S6),0.185,4.0
2017 HYUNDAI TUCSON,5.0,5,26.0,,,,-500.0,,SUV,MPV,AWD,4.0,Regular,Automatic (S6),0.162,4.0
2017 INFINITI QX60,5.0,7,26.0,,,,-500.0,,SUV,MPV,AWD,4.0,Regular,Automatic (AV-S7),0.179,4.0
2017 INFINITI QX60,5.0,7,26.0,,,,-500.0,,SUV,MPV,AWD,4.0,Regular,Automatic (AV-S7),0.179,4.0
2017 KIA SPORTAGE,5.0,5,26.0,,,,-500.0,,SUV,MPV,AWD,4.0,Regular,Automatic (S6),0.147,4.0
2017 MITSUBISHI OUTLANDER,5.0,7,26.0,,,,-500.0,,SUV,MPV,AWD,4.0,Regular,Automatic (AV-S6),0.164,4.0
2017 MITSUBISHI OUTLANDER,5.0,7,26.0,,,,-500.0,,SUV,MPV,AWD,4.0,Regular,Automatic (AV-S6),0.164,4.0
2017 SUBARU CROSSTREK,5.0,5,26.0,,,,-500.0,,SW,MPV,AWD,4.0,Regular,Manual 5-spd,0.151,4.0
2017 TOYOTA RAV4,5.0,5,26.0,,,,-500.0,,SUV,MPV,AWD,4.0,Regular,Automatic (S6),0.169,4.0
2017 VOLVO XC60,5.0,5,26.0,,,,-500.0,,SUV,MPV,AWD,4.0,Regular,Automatic (S8),0.176,4.0
2018 CHEVROLET EQUINOX,5.0,5,26.0,,,,-500.0,,SUV,MPV,AWD,4.0,Regular,Automatic 6-spd,0.164,4.0
2018 GMC TERRAIN,5.0,5,26.0,,,,-500.0,,SUV,MPV,AWD,4.0,Regular,Automatic 9-spd,0.164,4.0
2018 HYUNDAI TUCSON,5.0,5,26.0,,,,-500.0,,SUV,MPV,AWD,4.0,Regular,Automatic (S6),0.162,4.0
2018 KIA SPORTAGE,5.0,5,26.0,,,,-500.0,,SUV,MPV,AWD,4.0,Regular,Automatic (S6),0.147,4.0
2018 MITSUBISHI OUTLANDER,5.0,7,26.0,,,,-500.0,,SUV,MPV,AWD,4.0,Regular,Automatic (AV-S6),0.164,4.0
2018 MITSUBISHI OUTLANDER,5.0,7,26.0,,,,-500.0,,SUV,MPV,AWD,4.0,Regular,Automatic (AV-S6),0.164,4.0
2018 TOYOTA RAV4,5.0,5,26.0,,,,-500.0,,SUV,MPV,AWD,4.0,Regular,Automatic (S6),0.169,4.0
2019 BUICK ENCORE,5.0,5,26.0,,,,-500.0,,SUV,MPV,AWD,4.0,Regular,Automatic (S6),0.179,4.0
2019 CHEVROLET TRAX,5.0,5,26.0,,,,-500.0,,SUV,MPV,AWD,4.0,Regular,Automatic (S6),0.179,4.0
2019 FORD ESCAPE,5.0,5,26.0,,,,-500.0,,SUV,MPV,AWD,4.0,Regular,Automatic (S6),0.185,4.0
2019 GMC TERRAIN,5.0,5,26.0,,,,-500.0,,SUV,MPV,AWD,4.0,Regular,Automatic 9-spd,0.164,4.0
2019 HYUNDAI TUCSON,5.0,5,26.0,,,,-500.0,,SUV,MPV,AWD,4.0,Regular,Automatic (S6),0.155,4.0
2019 MAZDA CX-5,5.0,5,26.0,,,,-500.0,,SUV,MPV,AWD,4.0,Regular,Automatic (S6),0.169,4.0
2019 MITSUBISHI OUTLANDER,5.0,7,26.0,,,,-500.0,,SUV,MPV,AWD,4.0,Regular,Automatic (AV-S6),0.164,4.0
2019 MITSUBISHI OUTLANDER,5.0,7,26.0,,,,-500.0,,SUV,MPV,AWD,4.0,Regular,Automatic (AV-S6),0.164,4.0
2020 BUICK ENCORE,5.0,5,26.0,,,,-500.0,,SUV,MPV,AWD,4.0,Regular,Automatic (S6),0.179,4.0
2020 CHEVROLET TRAX,5.0,5,26.0,,,,-500.0,,SUV,MPV,AWD,4.0,Regular,Automatic (S6),0.179,4.0
2020 FORD ESCAPE,5.0,5,26.0,,,,-500.0,,SUV,MPV,AWD,4.0,Regular,Automatic (S8),0.174,4.0
2020 GMC TERRAIN,5.0,5,26.0,,,,-500.0,,SUV,MPV,AWD,4.0,Regular,Automatic 9-spd,0.164,4.0
2020 KIA SPORTAGE,5.0,5,26.0,,,,-500.0,,SUV,MPV,AWD,4.0,Regular,Automatic (S6),0.147,4.0
2020 MAZDA CX-30,5.0,5,26.0,,,,-500.0,,SUV,MPV,AWD,4.0,Regular,Automatic (S6),0.147,4.0
2020 MAZDA CX-5,5.0,5,26.0,,,,-500.0,,SUV,MPV,AWD,4.0,Regular,Automatic (S6),0.169,4.0
2020 MITSUBISHI ECLIPSE CROSS,5.0,5,26.0,,,,-500.0,,SUV,MPV,AWD,4.0,Regular,Automatic (AV-S8),0.185,4.0
2020 MITSUBISHI ECLIPSE CROSS,5.0,5,26.0,,,,-500.0,,SUV,MPV,AWD,4.0,Regular,Automatic (AV-S8),0.185,4.0
2020 MITSUBISHI OUTLANDER,5.0,7,26.0,,,,-500.0,,SUV,MPV,AWD,4.0,Regular,Automatic (AV-S6),0.164,4.0
2020 MITSUBISHI OUTLANDER,5.0,7,26.0,,,,-500.0,,SUV,MPV,AWD,4.0,Regular,Automatic (AV-S6),0.164,4.0
2020 SUBARU OUTBACK,5.0,5,26.0,,,,-500.0,,SUV,MPV,AWD,4.0,Regular,Automatic (AV-S8),0.185,4.0
2021 BUICK ENCORE,5.0,5,26.0,,,,-500.0,,SUV,MPV,AWD,4.0,Regular,Automatic (S6),0.179,4.0
2021 BUICK ENCORE,5.0,5,26.0,,,,-500.0,,SUV,MPV,AWD,4.0,Regular,Automatic (S6),0.179,4.0
2021 BUICK ENVISION,5.0,5,26.0,,,,-500.0,,SUV,MPV,AWD,4.0,Regular,Automatic (S9),0.147,4.0
2021 CHEVROLET TRAX,5.0,5,26.0,,,,-500.0,,SUV,MPV,AWD,4.0,Regular,Automatic (S6),0.179,4.0
2021 CHEVROLET TRAX,5.0,5,26.0,,,,-500.0,,SUV,MPV,AWD,4.0,Regular,Automatic (S6),0.179,4.0
2021 FORD BRONCO SPORT,5.0,5,26.0,,,,-500.0,,SUV,MPV,4WD,3.0,Regular,Automatic 8-spd,0.174,4.0
2021 FORD ESCAPE,5.0,5,26.0,,,,-500.0,,SUV,MPV,AWD,4.0,Regular,Automatic 8-spd,0.174,4.0
2021 GMC TERRAIN,5.0,5,26.0,,,,-500.0,,SUV,MPV,AWD,4.0,Regular,Automatic 9-spd,0.164,4.0
2021 HYUNDAI SANTA FE,5.0,5,26.0,,,,-500.0,,SUV,MPV,AWD,4.0,Regular,Automatic (S8),0.147,4.0
2021 KIA SPORTAGE,5.0,5,26.0,,,,-500.0,,SUV,MPV,AWD,4.0,Regular,Automatic (S6),0.147,4.0
2021 MAZDA CX-30,5.0,5,26.0,,,,-500.0,,SUV,MPV,AWD,4.0,Regular,Automatic (S6),0.147,4.0
2021 MAZDA CX-30,5.0,5,26.0,,,,-500.0,,SUV,MPV,AWD,4.0,Regular,Automatic (S6),0.147,4.0
2021 MAZDA CX-5,5.0,5,26.0,,,,-500.0,,SUV,MPV,AWD,4.0,Regular,Automatic (S6),0.169,4.0
2021 SUBARU OUTBACK,5.0,5,26.0,,,,-500.0,,SUV,MPV,AWD,4.0,Regular,Automatic (AV-S8),0.185,4.0
2022 BUICK ENCORE,5.0,5,26.0,,,,-500.0,,SUV,MPV,AWD,4.0,Regular,Automatic (S6),0.179,4.0
2022 BUICK ENVISION,5.0,5,26.0,,,,-500.0,,SUV,MPV,AWD,4.0,Regular,Automatic (S9),0.147,4.0
2022 CHEVROLET TRAX,5.0,5,26.0,,,,-500.0,,SUV,MPV,AWD,4.0,Regular,Automatic (S6),0.179,4.0
2022 FORD BRONCO SPORT,5.0,5,26.0,,,,-500.0,,SUV,MPV,4WD,3.0,Regular,Automatic 8-spd,0.174,4.0
2022 FORD ESCAPE,5.0,5,26.0,,,,-500.0,,SUV,MPV,AWD,4.0,Regular,Automatic 8-spd,0.174,4.0
2022 GMC TERRAIN,5.0,5,26.0,,,,-500.0,,SUV,MPV,AWD,4.0,Regular,Automatic 9-spd,0.164,4.0
2022 HYUNDAI SANTA FE,5.0,5,26.0,,,,-500.0,,SUV,MPV,AWD,4.0,Regular,Automatic (S8),0.147,4.0
2022 KIA SPORTAGE,5.0,5,26.0,,,,-500.0,,SUV,MPV,AWD,4.0,Regular,Automatic (S6),0.147,4.0
2022 MAZDA CX-30,5.0,5,26.0,,,,-500.0,,SUV,MPV,AWD,4.0,Regular,Automatic (S6),0.147,4.0
2022 MAZDA CX-5,5.0,5,26.0,,,,-500.0,,SUV,MPV,AWD,4.0,Regular,Automatic (S6),0.169,4.0
2022 MITSUBISHI ECLIPSE CROSS,5.0,5,26.0,,,,-500.0,,SUV,MPV,AWD,4.0,Regular,Automatic (AV-S8),0.185,4.0
2022 MITSUBISHI ECLIPSE CROSS,5.0,5,26.0,,,,-500.0,,SUV,MPV,AWD,4.0,Regular,Automatic (AV-S8),0.185,4.0
2022 SUBARU FORESTER,5.0,5,26.0,,,,-500.0,,SUV,MPV,AWD,4.0,Regular,Automatic (AV-S8),0.169,4.0
2022 SUBARU OUTBACK,5.0,5,26.0,,,,-500.0,,SW,MPV,AWD,4.0,Regular,Automatic (AV-S8),0.185,4.0
2023 BUICK ENVISION,5.0,5,26.0,,,,-500.0,,SUV,MPV,AWD,4.0,Regular,Automatic (S9),0.147,4.0
2023 FORD BRONCO SPORT,5.0,5,26.0,,,,-500.0,,SUV,MPV,4WD,3.0,Regular,Automatic 8-spd,0.174,4.0
2023 FORD ESCAPE,5.0,5,26.0,,,,-500.0,,SUV,MPV,AWD,4.0,Regular,Automatic 8-spd,0.174,4.0
2023 FORD EXPLORER,5.0,7,26.0,,,,-500.0,,SUV,MPV,4WD,6.0,Regular,Automatic 10-spd,0.151,4.0
2023 GMC TERRAIN,5.0,5,26.0,,,,-500.0,,SUV,MPV,AWD,4.0,Regular,Automatic 9-spd,0.164,4.0
2023 GMC TERRAIN,5.0,5,26.0,,,,-500.0,,SUV,MPV,AWD,4.0,Regular,Automatic 9-spd,0.164,4.0
2023 HYUNDAI SANTA FE,5.0,5,26.0,,,,-500.0,,SUV,MPV,AWD,4.0,Regular,Automatic (S8),0.147,4.0
2023 MAZDA CX-5,5.0,5,26.0,,,,-500.0,,SUV,MPV,AWD,4.0,Regular,Automatic (S6),0.169,4.0
2023 MITSUBISHI ECLIPSE CROSS,5.0,5,26.0,,,,-500.0,,SUV,MPV,AWD,4.0,Regular,Automatic (AV-S8),0.185,4.0
2023 MITSUBISHI ECLIPSE CROSS,5.0,5,26.0,,,,-500.0,,SUV,MPV,AWD,4.0,Regular,Automatic (AV-S8),0.185,4.0
2023 SUBARU FORESTER,5.0,5,26.0,,,,-500.0,,SUV,MPV,AWD,4.0,Regular,Automatic (AV-S8),0.169,4.0
2024 FORD BRONCO SPORT,5.0,5,26.0,,,,-500.0,,SUV,MPV,4WD,3.0,Regular,Automatic 8-spd,0.174,4.0
2024 FORD ESCAPE,5.0,5,26.0,,,,-500.0,,SUV,MPV,AWD,4.0,Regular,Automatic 8-spd,0.174,4.0
2024 GMC TERRAIN,5.0,5,26.0,,,,-500.0,,SUV,MPV,AWD,4.0,Regular,Automatic 9-spd,0.164,4.0
2024 KIA SELTOS,5.0,5,26.0,,,,-500.0,,SUV,MPV,AWD,4.0,Regular,Automatic (S8),0.151,4.0
2024 KIA SORENTO,5.0,"6
7",26.0,,,,-500.0,,SUV,MPV,AWD,4.0,Regular,Automatic (S8),0.159,4.0
2024 KIA SPORTAGE,5.0,5,26.0,,,,-500.0,,SUV,MPV,AWD,4.0,Regular,Automatic (S8),0.169,4.0
2024 MITSUBISHI ECLIPSE CROSS,5.0,5,26.0,,,,-500.0,,SUV,MPV,AWD,4.0,Regular,Automatic (AV-S8),0.185,4.0
2024 MITSUBISHI ECLIPSE CROSS,5.0,5,26.0,,,,-500.0,,SUV,MPV,AWD,4.0,Regular,Automatic (AV-S8),0.185,4.0
2024 SUBARU FORESTER,5.0,5,26.0,,,,-500.0,,SUV,MPV,AWD,4.0,Regular,Automatic (AV-S8),0.169,4.0
2017 BUICK ENVISION,5.0,5,25.0,,,,-1000.0,,SUV,MPV,AWD,4.0,Regular,Automatic 6-spd,0.159,4.0
2017 FORD ESCAPE,5.0,5,25.0,,,,-1000.0,,SUV,MPV,AWD,4.0,Regular,Automatic (S6),0.185,4.0
2017 HYUNDAI TUCSON,5.0,5,25.0,,,,-1000.0,,SUV,MPV,AWD,4.0,Regular,Automatic (AM7),0.162,4.0
2017 KIA SPORTAGE,5.0,5,25.0,,,,-1000.0,,SUV,MPV,AWD,4.0,Regular,Automatic (S6),0.147,4.0
2017 MITSUBISHI OUTLANDER,5.0,7,25.0,,,,-1000.0,,SUV,MPV,AWD,4.0,Regular,Manual 5-spd,0.164,4.0
2017 MITSUBISHI OUTLANDER,5.0,7,25.0,,,,-1000.0,,SUV,MPV,AWD,4.0,Regular,Automatic (AV-S6),0.164,4.0
2017 TOYOTA RAV4,5.0,5,25.0,,,,-1000.0,,SUV,MPV,AWD,4.0,Regular,Automatic (S6),0.169,4.0
2017 TOYOTA RAV4,5.0,5,25.0,,,,-1000.0,,SUV,MPV,AWD,4.0,Regular,Automatic (S6),0.169,4.0
2018 BUICK ENVISION,5.0,5,25.0,,,,-1000.0,,SUV,MPV,AWD,4.0,Regular,Automatic 6-spd,0.159,4.0
2018 HYUNDAI TUCSON,5.0,5,25.0,,,,-1000.0,,SUV,MPV,AWD,4.0,Regular,Automatic (AM7),0.162,4.0
2018 KIA SPORTAGE,5.0,5,25.0,,,,-1000.0,,SUV,MPV,AWD,4.0,Regular,Automatic (S6),0.147,4.0
2018 MITSUBISHI OUTLANDER,5.0,7,25.0,,,,-1000.0,,SUV,MPV,AWD,4.0,Regular,Manual 5-spd,0.164,4.0
2018 MITSUBISHI OUTLANDER,5.0,7,25.0,,,,-1000.0,,SUV,MPV,AWD,4.0,Regular,Automatic (AV-S6),0.164,4.0
2018 MITSUBISHI OUTLANDER,5.0,7,25.0,,,,-1000.0,,SUV,MPV,AWD,4.0,Regular,Automatic (AV-S6),0.164,4.0
2018 MITSUBISHI OUTLANDER,5.0,7,25.0,,,,1250.0,,SUV,MPV,AWD,4.0,Regular Gas and Electricity,Automatic (A1),0.164,4.0
2018 SUBARU CROSSTREK,5.0,5,25.0,,,,-1000.0,,SW,MPV,AWD,4.0,Regular,Manual 6-spd,0.156,4.0
2018 TOYOTA RAV4,5.0,5,25.0,,,,-1000.0,,SUV,MPV,AWD,4.0,Regular,Automatic (S6),0.169,4.0
2018 TOYOTA RAV4,5.0,5,25.0,,,,-1000.0,,SUV,MPV,AWD,4.0,Regular,Automatic (S6),0.169,4.0
2019 BUICK ENVISION,5.0,5,25.0,,,,-1000.0,,SUV,MPV,AWD,4.0,Regular,Automatic 6-spd,0.159,4.0
2019 FORD EDGE,5.0,5,25.0,,,,-1000.0,,SUV,MPV,AWD,4.0,Regular,Automatic (S8),0.155,4.0
2019 FORD ESCAPE,5.0,5,25.0,,,,-1000.0,,SUV,MPV,AWD,4.0,Regular,Automatic (S6),0.185,4.0
2019 HYUNDAI SANTA FE,5.0,5,25.0,,,,-1000.0,,SUV,MPV,AWD,4.0,Regular,Automatic (S8),0.146,4.0
2019 HYUNDAI TUCSON,5.0,5,25.0,,,,-1000.0,,SUV,MPV,AWD,4.0,Regular,Automatic (S6),0.155,4.0
2019 KIA SORENTO,5.0,5 or 7,25.0,,,,-1000.0,,SUV,MPV,AWD,4.0,Regular,Automatic (S6),0.158,4.0
2019 KIA SPORTAGE,5.0,5,25.0,,,,-1000.0,,SUV,MPV,AWD,4.0,Regular,Automatic (S6),0.147,4.0
2019 KIA SPORTAGE,5.0,5,25.0,,,,-1000.0,,SUV,MPV,AWD,4.0,Regular,Automatic (S6),0.147,4.0
2019 MAZDA CX-5,5.0,5,25.0,,,,-1000.0,,SUV,MPV,AWD,4.0,Regular,Automatic (S6),0.169,4.0
2019 MITSUBISHI OUTLANDER,5.0,7,25.0,,,,-1000.0,,SUV,MPV,AWD,4.0,Regular,Manual 5-spd,0.164,4.0
2019 MITSUBISHI OUTLANDER,5.0,7,25.0,,,,-1000.0,,SUV,MPV,AWD,4.0,Regular,Automatic (AV-S6),0.164,4.0
2019 MITSUBISHI OUTLANDER,5.0,7,25.0,,,,-1000.0,,SUV,MPV,AWD,4.0,Regular,Automatic (AV-S6),0.164,4.0
2019 MITSUBISHI OUTLANDER,5.0,7,25.0,,,,1250.0,,SUV,MPV,AWD,4.0,Regular Gas and Electricity,Automatic (A1),0.164,4.0
2019 SUBARU CROSSTREK,5.0,5,25.0,,,,-1000.0,,SW,MPV,AWD,4.0,Regular,Manual 6-spd,0.156,4.0
2019 VOLKSWAGEN TIGUAN,5.0,5 or 7,25.0,,,,-1000.0,,SUV,MPV,AWD,4.0,Regular,Automatic (S8),0.0,4.0
2020 BUICK ENVISION,5.0,5,25.0,,,,-1000.0,,SUV,MPV,AWD,4.0,Regular,Automatic 6-spd,0.159,4.0
2020 FORD EXPLORER,5.0,"6,7",25.0,,,,-1000.0,,SUV,MPV,4WD,6.0,Regular,Automatic (S10),0.151,4.0
2020 HYUNDAI SANTA FE,5.0,5,25.0,,,,-1000.0,,SUV,MPV,AWD,4.0,Regular,Automatic (S8),0.146,4.0
2020 HYUNDAI TUCSON,5.0,5,25.0,,,,-1000.0,,SUV,MPV,AWD,4.0,Regular,Automatic (S6),0.155,4.0
2020 HYUNDAI TUCSON,5.0,5,25.0,,,,-1000.0,,SUV,MPV,AWD,4.0,Regular,Automatic (S6),0.155,4.0
2020 KIA SORENTO,5.0,5 or 7,25.0,,,,-1000.0,,SUV,MPV,AWD,4.0,Regular,Automatic (S6),0.158,4.0
2020 LINCOLN CORSAIR,5.0,5,25.0,,,,-1000.0,,SUV,MPV,AWD,4.0,Regular,Automatic (S8),0.174,4.0
2020 MITSUBISHI ECLIPSE CROSS,5.0,5,25.0,,,,-1000.0,,SUV,MPV,AWD,4.0,Regular,Automatic (AV-S8),0.185,4.0
2020 MITSUBISHI OUTLANDER,5.0,7,25.0,,,,-1000.0,,SUV,MPV,AWD,4.0,Regular,Automatic (AV-S6),0.164,4.0
2020 MITSUBISHI OUTLANDER,5.0,7,25.0,,,,-1000.0,,SUV,MPV,AWD,4.0,Regular,Automatic (AV-S6),0.164,4.0
2020 MITSUBISHI OUTLANDER,5.0,7,25.0,,,,1250.0,,SUV,MPV,AWD,4.0,Regular Gas and Electricity,Automatic (A1),0.164,4.0
2020 SUBARU CROSSTREK,5.0,5,25.0,,,,-1000.0,,SW,MPV,AWD,4.0,Regular,Manual 6-spd,0.156,4.0
2020 VOLKSWAGEN TIGUAN,5.0,5 or 7,25.0,,,,-1000.0,,SUV,MPV,AWD,4.0,Regular,Automatic (S8),0.0,4.0
2021 AUDI Q3,5.0,5,25.0,,,,-1000.0,,SUV,MPV,AWD,4.0,Regular,Automatic (S8),0.164,4.0
2021 BUICK ENVISION,5.0,5,25.0,,,,-1000.0,,SUV,MPV,AWD,4.0,Regular,Automatic (S9),0.147,4.0
2021 CHEVROLET BLAZER,5.0,5,25.0,,,,-1000.0,,SUV,MPV,AWD,4.0,Regular,Automatic 9-spd,0.147,4.0
2021 FORD EXPLORER,5.0,"6,7",25.0,,,,-1000.0,,SUV,MPV,4WD,6.0,Regular,Automatic (S10),0.151,4.0
2021 GMC ACADIA,5.0,5 to 7,25.0,,,,-1000.0,,SUV,MPV,AWD,4.0,Regular,Automatic 9-spd,0.151,4.0
2021 HYUNDAI SANTA FE,5.0,5,25.0,,,,-1000.0,,SUV,MPV,AWD,4.0,Regular,Automatic (AM-S8),0.147,4.0
2021 HYUNDAI TUCSON,5.0,5,25.0,,,,-1000.0,,SUV,MPV,AWD,4.0,Regular,Automatic (S6),0.155,4.0
2021 HYUNDAI TUCSON,5.0,5,25.0,,,,-1000.0,,SUV,MPV,AWD,4.0,Regular,Automatic (S6),0.155,4.0
2021 LINCOLN CORSAIR,5.0,5,25.0,,,,-1000.0,,SUV,MPV,AWD,4.0,Regular,Automatic (S8),0.174,4.0
2021 MAZDA CX-30,5.0,5,25.0,,,,-1000.0,,SUV,MPV,AWD,4.0,Regular,Automatic (S6),0.147,4.0
2021 MAZDA CX-5,5.0,5,25.0,,,,-1000.0,,SUV,MPV,AWD,4.0,Regular,Automatic (S6),0.169,4.0
2021 SUBARU CROSSTREK,5.0,5,25.0,,,,-1000.0,,SW,MPV,AWD,4.0,Regular,Manual 6-spd,0.156,4.0
2021 VOLKSWAGEN TIGUAN,5.0,5 or 7,25.0,,,,-1000.0,,SUV,MPV,AWD,4.0,Regular,Automatic (S8),0.0,4.0
2022 BUICK ENVISION,5.0,5,25.0,,,,-1000.0,,SUV,MPV,AWD,4.0,Regular,Automatic (S9),0.147,4.0
2022 CHEVROLET BLAZER,5.0,5,25.0,,,,-1000.0,,SUV,MPV,AWD,4.0,Regular,Automatic 9-spd,0.147,4.0
2022 GMC ACADIA,5.0,5 to 7,25.0,,,,-1000.0,,SUV,MPV,AWD,4.0,Regular,Automatic 9-spd,0.151,4.0
2022 HYUNDAI SANTA FE,5.0,5,25.0,,,,-1000.0,,SUV,MPV,AWD,4.0,Regular,Automatic (AM-S8),0.147,4.0
2022 LINCOLN CORSAIR,5.0,5,25.0,,,,-1000.0,,SUV,MPV,AWD,4.0,Regular,Automatic (S8),0.174,4.0
2022 MAZDA CX-30,5.0,5,25.0,,,,-1000.0,,SUV,MPV,AWD,4.0,Regular,Automatic (S6),0.147,4.0
2022 MITSUBISHI ECLIPSE CROSS,5.0,5,25.0,,,,-1000.0,,SUV,MPV,AWD,4.0,Regular,Automatic (AV-S8),0.185,4.0
2022 SUBARU CROSSTREK,5.0,5,25.0,,,,-1000.0,,SW,MPV,AWD,4.0,Regular,Manual 6-spd,0.156,4.0
2023 BUICK ENVISION,5.0,5,25.0,,,,-1000.0,,SUV,MPV,AWD,4.0,Regular,Automatic (S9),0.147,4.0
2023 CHEVROLET BLAZER,5.0,5,25.0,,,,-1000.0,,SUV,MPV,AWD,4.0,Regular,Automatic 9-spd,0.0,4.0
2023 FORD EXPLORER,5.0,7,25.0,,,,-1000.0,,SUV,MPV,4WD,6.0,Regular,Automatic 10-spd,0.151,4.0
2023 GMC ACADIA,5.0,7,25.0,,,,-1000.0,,SUV,MPV,AWD,4.0,Regular,Automatic 9-spd,0.151,4.0
2023 HYUNDAI SANTA FE,5.0,5,25.0,,,,-1000.0,,SUV,MPV,AWD,4.0,Regular,Automatic (AM-S8),0.147,4.0
2023 KIA SPORTAGE,5.0,5,25.0,,,,-1000.0,,SUV,MPV,AWD,4.0,Regular,Automatic (S8),0.169,4.0
2023 LINCOLN CORSAIR,5.0,5,25.0,,,,-1000.0,,SUV,MPV,AWD,4.0,Regular,Automatic (S8),0.174,4.0
2023 MAZDA CX-30,5.0,5,25.0,,,,-1000.0,,SUV,MPV,AWD,4.0,Regular,Automatic (S6),0.147,4.0
2023 MAZDA CX-50,5.0,5,25.0,,,,-1000.0,,SUV,MPV,AWD,4.0,Regular,Automatic (S6),0.155,4.0
2023 MITSUBISHI ECLIPSE CROSS,5.0,5,25.0,,,,-1000.0,,SUV,MPV,AWD,4.0,Regular,Automatic (AV-S8),0.185,4.0
2023 SUBARU CROSSTREK,5.0,5,25.0,,,,-1000.0,,SW,MPV,AWD,4.0,Regular,Manual 6-spd,0.156,4.0
2023 SUBARU OUTBACK,5.0,5,25.0,,,,-1000.0,,SW,MPV,AWD,4.0,Regular,Automatic (AV-S8),0.185,4.0
2023 TOYOTA HIGHLANDER,5.0,8,25.0,,,,-1000.0,,SUV,MPV,AWD,4.0,Regular,Automatic (S8),0.164,4.0
2024 AUDI Q3,5.0,5,25.0,,,,-1000.0,,SUV,MPV,AWD,4.0,Regular,Automatic (S8),0.164,4.0
2024 CHEVROLET BLAZER,5.0,5,25.0,,,,-1000.0,,SUV,MPV,AWD,4.0,Regular,Automatic 9-spd,0.147,4.0
2024 GMC TERRAIN,5.0,5,25.0,,,,-1000.0,,SUV,MPV,AWD,4.0,Regular,Automatic 9-spd,0.164,4.0
2024 HYUNDAI TUCSON,5.0,5,25.0,,,,-1000.0,,SUV Early Release,MPV,AWD,4.0,Regular,Automatic (S8),0.174,4.0
2024 KIA SORENTO,5.0,"6
7",25.0,,,,-1000.0,,SUV,MPV,AWD,4.0,Regular,Automatic (S8),0.159,4.0
2024 KIA SPORTAGE,5.0,5,25.0,,,,-1000.0,,SUV,MPV,AWD,4.0,Regular,Automatic (S8),0.169,4.0
2024 LINCOLN CORSAIR,5.0,5,25.0,,,,-1000.0,,SUV,MPV,AWD,4.0,Regular,Automatic (S8),0.174,4.0
2024 MAZDA CX-5,5.0,5,25.0,,,,-1000.0,,SUV,MPV,AWD,4.0,Regular,Automatic (S6),0.169,4.0
2024 MAZDA CX-50,5.0,5,25.0,,,,-1000.0,,SUV Later Release,MPV,AWD,4.0,Regular,Automatic (S6),0.0,4.0
2024 MAZDA CX-50,5.0,5,25.0,,,,-1000.0,,SUV Early Release,MPV,AWD,4.0,Regular,Automatic (S6),0.155,4.0
2024 MITSUBISHI ECLIPSE CROSS,5.0,5,25.0,,,,-1000.0,,SUV,MPV,AWD,4.0,Regular,Automatic (AV-S8),0.185,4.0
2024 SUBARU OUTBACK,5.0,5,25.0,,,,-1000.0,,SW,MPV,AWD,4.0,Regular,Automatic (AV-S8),0.185,4.0
2024 TOYOTA HIGHLANDER,5.0,"7
8",25.0,,,,-1000.0,,SUV,MPV,AWD,4.0,Regular,Automatic (S8),0.164,4.0
2017 BUICK ENVISION,5.0,5,24.0,,,,-1500.0,,SUV,MPV,AWD,4.0,Regular,Automatic 6-spd,0.159,4.0
2017 FORD EDGE,5.0,5,24.0,,,,-1500.0,,SUV,MPV,AWD,4.0,Regular,Automatic (S6),0.155,4.0
2017 FORD EDGE,5.0,5,24.0,,,,-1500.0,,SUV,MPV,AWD,4.0,Regular,Automatic (S6),0.155,4.0
2017 FORD ESCAPE,5.0,5,24.0,,,,-1500.0,,SUV,MPV,AWD,4.0,Regular,Automatic (S6),0.185,4.0
2017 FORD ESCAPE,5.0,5,24.0,,,,-1500.0,,SUV,MPV,AWD,4.0,Regular,Automatic (S6),0.185,4.0
2017 KIA SORENTO,5.0,5 or 7,24.0,,,,-1500.0,,SUV,MPV,AWD,4.0,Regular,Automatic (S6),0.15,4.0
2017 MITSUBISHI OUTLANDER,5.0,7,24.0,,,,-1500.0,,SUV,MPV,AWD,4.0,Regular,Automatic (AV-S6),0.164,4.0
2017 SUBARU FORESTER,5.0,5,24.0,,,,-1500.0,,SUV,MPV,AWD,4.0,Regular,Manual 6-spd,0.169,4.0
2017 TOYOTA RAV4,5.0,5,24.0,,,,-1500.0,,SUV,MPV,AWD,4.0,Regular,Automatic (S6),0.169,4.0
2018 BUICK ENVISION,5.0,5,24.0,,,,-1500.0,,SUV,MPV,AWD,4.0,Regular,Automatic 6-spd,0.159,4.0
2018 FORD EDGE,5.0,5,24.0,,,,-1500.0,,SUV,MPV,AWD,4.0,Regular,Automatic (S6),0.155,4.0
2018 FORD EDGE,5.0,5,24.0,,,,-1500.0,,SUV,MPV,AWD,4.0,Regular,Automatic (S6),0.155,4.0
2018 HYUNDAI SANTA FE,5.0,6 or 7,24.0,,,,-1500.0,,SUV,MPV,AWD,4.0,Regular,Automatic (S6),0.157,4.0
2018 HYUNDAI TUCSON,5.0,5,24.0,,,,-1500.0,,SUV,MPV,AWD,4.0,Regular,Automatic (S6),0.162,4.0
2018 KIA SORENTO,5.0,5 or 7,24.0,,,,-1500.0,,SUV,MPV,AWD,4.0,Regular,Automatic (S6),0.15,4.0
2018 MAZDA CX-9,5.0,7,24.0,,,,-1500.0,,SUV,MPV,AWD,4.0,Regular,Automatic (S6),0.151,4.0
2018 TOYOTA RAV4,5.0,5,24.0,,,,-1500.0,,SUV,MPV,AWD,4.0,Regular,Automatic (S6),0.169,4.0
2018 VOLKSWAGEN ATLAS,5.0,6 or 7,24.0,,,,-1500.0,,SUV,MPV,AWD,4.0,Regular,Automatic (S8),0.136,4.0
2018 VOLKSWAGEN TIGUAN,5.0,57,24.0,,,,-1500.0,,SUV,MPV,AWD,4.0,Regular,Automatic (S8),0.156,4.0
2019 BUICK ENVISION,5.0,5,24.0,,,,-1500.0,,SUV,MPV,AWD,4.0,Regular,Automatic 6-spd,0.159,4.0
2019 CHEVROLET BLAZER,5.0,5,24.0,,,,-1500.0,,SUV,MPV,AWD,4.0,Regular,Automatic 9-spd,0.147,4.0
2019 FORD ESCAPE,5.0,5,24.0,,,,-1500.0,,SUV,MPV,AWD,4.0,Regular,Automatic (S6),0.185,4.0
2019 FORD ESCAPE,5.0,5,24.0,,,,-1500.0,,SUV,MPV,AWD,4.0,Regular,Automatic (S6),0.185,4.0
2019 MAZDA CX-5,5.0,5,24.0,,,,-1500.0,,SUV,MPV,AWD,4.0,Regular,Automatic (S6),0.169,4.0
2019 MAZDA CX-9,5.0,7,24.0,,,,-1500.0,,SUV,MPV,AWD,4.0,Regular,Automatic (S6),0.159,4.0
2019 VOLKSWAGEN TIGUAN,5.0,5 or 7,24.0,,,,-1500.0,,SUV,MPV,AWD,4.0,Regular,Automatic (S8),0.0,4.0
2020 BUICK ENVISION,5.0,5,24.0,,,,-1500.0,,SUV,MPV,AWD,4.0,Regular,Automatic 6-spd,0.159,4.0
2020 CHEVROLET BLAZER,5.0,5,24.0,,,,-1500.0,,SUV,MPV,AWD,4.0,Regular,Automatic 9-spd,0.147,4.0
2020 FORD EDGE,5.0,5,24.0,,,,-1500.0,,SUV,MPV,AWD,4.0,Regular,Automatic 8-spd,0.155,4.0
2020 FORD EXPLORER,5.0,"6,7",24.0,,,,-1500.0,,SUV,MPV,4WD,4.0,Regular,Automatic (S10),0.151,4.0
2020 GMC ACADIA,5.0,5 to 7,24.0,,,,-1500.0,,SUV,MPV,AWD,4.0,Regular,Automatic 9-spd,0.151,4.0
2020 HYUNDAI SANTA FE,5.0,5,24.0,,,,-1500.0,,SUV,MPV,AWD,4.0,Regular,Automatic (S8),0.146,4.0
2020 LINCOLN CORSAIR,5.0,5,24.0,,,,-1500.0,,SUV,MPV,AWD,4.0,Regular,Automatic (S8),0.174,4.0
2020 LINCOLN CORSAIR,5.0,5,24.0,,,,-1500.0,,SUV,MPV,AWD,4.0,Regular,Automatic (S8),0.174,4.0
2020 MAZDA CX-5,5.0,5,24.0,,,,-1500.0,,SUV,MPV,AWD,4.0,Regular,Automatic (S6),0.169,4.0
2020 MAZDA CX-9,5.0,7,24.0,,,,-1500.0,,SUV,MPV,AWD,4.0,Regular,Automatic (S6),0.159,4.0
2020 TOYOTA HIGHLANDER,5.0,7 8,24.0,,,,-1500.0,,SUV,MPV,AWD,6.0,Regular,Automatic (S8),0.164,4.0
2021 CHEVROLET BLAZER,5.0,5,24.0,,,,-1500.0,,SUV,MPV,AWD,4.0,Regular,Automatic 9-spd,0.147,4.0
2021 FORD EDGE,5.0,5,24.0,,,,-1500.0,,SUV,MPV,AWD,4.0,Regular,Automatic 8-spd,0.155,4.0
2021 FORD EXPLORER,5.0,"6,7",24.0,,,,-1500.0,,SUV,MPV,4WD,4.0,Regular,Automatic (S10),0.151,4.0
2021 FORD EXPLORER,5.0,"6,7",24.0,,,,-1500.0,,SUV,MPV,4WD,4.0,Regular,Automatic 10-spd,0.151,4.0
2021 GMC ACADIA,5.0,5 to 7,24.0,,,,-1500.0,,SUV,MPV,AWD,4.0,Regular,Automatic 9-spd,0.151,4.0
2021 HYUNDAI SANTA FE,5.0,5,24.0,,,,-1500.0,,SUV,MPV,AWD,4.0,Regular,Automatic (S8),0.147,4.0
2021 HYUNDAI SANTA FE,5.0,5,24.0,,,,-1500.0,,SUV,MPV,AWD,4.0,Regular,Automatic (AM-S8),0.147,4.0
2021 LINCOLN CORSAIR,5.0,5,24.0,,,,-1500.0,,SUV,MPV,AWD,4.0,Regular,Automatic (S8),0.174,4.0
2021 LINCOLN CORSAIR,5.0,5,24.0,,,,-1500.0,,SUV,MPV,AWD,4.0,Regular,Automatic (S8),0.174,4.0
2021 MAZDA CX-5,5.0,5,24.0,,,,-1500.0,,SUV,MPV,AWD,4.0,Regular,Automatic (S6),0.169,4.0
2021 MAZDA CX-9,5.0,7,24.0,,,,-1500.0,,SUV,MPV,AWD,4.0,Regular,Automatic (S6),0.159,4.0
2021 TOYOTA HIGHLANDER,5.0,7 8,24.0,,,,-1500.0,,SUV,MPV,AWD,6.0,Regular,Automatic (S8),0.164,4.0
2021 VOLKSWAGEN TIGUAN,5.0,5 or 7,24.0,,,,-1500.0,,SUV,MPV,AWD,4.0,Regular,Automatic (S8),0.0,4.0
2022 CHEVROLET BLAZER,5.0,5,24.0,,,,-1500.0,,SUV,MPV,AWD,4.0,Regular,Automatic 9-spd,0.147,4.0
2022 GMC ACADIA,5.0,5 to 7,24.0,,,,-1500.0,,SUV,MPV,AWD,4.0,Regular,Automatic 9-spd,0.151,4.0
2022 HYUNDAI SANTA FE,5.0,5,24.0,,,,-1500.0,,SUV,MPV,AWD,4.0,Regular,Automatic (S8),0.147,4.0
2022 HYUNDAI SANTA FE,5.0,5,24.0,,,,-1500.0,,SUV,MPV,AWD,4.0,Regular,Automatic (AM-S8),0.147,4.0
2022 LINCOLN CORSAIR,5.0,5,24.0,,,,-1500.0,,SUV,MPV,AWD,4.0,Regular,Automatic (S8),0.174,4.0
2022 LINCOLN CORSAIR,5.0,5,24.0,,,,-1500.0,,SUV,MPV,AWD,4.0,Regular,Automatic (S8),0.174,4.0
2022 MAZDA CX-5,5.0,5,24.0,,,,-1500.0,,SUV,MPV,AWD,4.0,Regular,Automatic (S6),0.169,4.0
2022 SUBARU OUTBACK,5.0,5,24.0,,,,-1500.0,,SW,MPV,AWD,4.0,Regular,Automatic (AV-S8),0.185,4.0
2022 TOYOTA HIGHLANDER,5.0,7 or 8,24.0,,,,-1500.0,,SUV,MPV,AWD,6.0,Regular,Automatic (S8),0.164,4.0
2023 CHEVROLET BLAZER,5.0,5,24.0,,,,-1500.0,,SUV,MPV,AWD,4.0,Regular,Automatic 9-spd,0.0,4.0
2023 FORD EXPLORER,5.0,7,24.0,,,,-1500.0,,SUV,MPV,4WD,4.0,Regular,Automatic 10-spd,0.151,4.0
2023 GMC ACADIA,5.0,7,24.0,,,,-1500.0,,SUV,MPV,AWD,4.0,Regular,Automatic 9-spd,0.151,4.0
2023 HYUNDAI SANTA FE,5.0,5,24.0,,,,-1500.0,,SUV,MPV,AWD,4.0,Regular,Automatic (S8),0.147,4.0
2023 HYUNDAI SANTA FE,5.0,5,24.0,,,,-1500.0,,SUV,MPV,AWD,4.0,Regular,Automatic (AM-S8),0.147,4.0
2023 LINCOLN CORSAIR,5.0,5,24.0,,,,-1500.0,,SUV,MPV,AWD,4.0,Regular,Automatic (S8),0.174,4.0
2023 MAZDA CX-5,5.0,5,24.0,,,,-1500.0,,SUV,MPV,AWD,4.0,Regular,Automatic (S6),0.169,4.0
2023 TOYOTA HIGHLANDER,5.0,8,24.0,,,,-1500.0,,SUV,MPV,AWD,4.0,Regular,Automatic (S8),0.164,4.0
2023 TOYOTA HIGHLANDER,5.0,8,24.0,,,,-1500.0,,SUV,MPV,AWD,4.0,Regular,Automatic (S8),0.164,4.0
2024 BUICK ENVISION,5.0,5,24.0,,,,-1500.0,,SUV,MPV,AWD,4.0,Regular,Automatic (S9),0.147,4.0
2024 CHEVROLET BLAZER,5.0,5,24.0,,,,-1500.0,,SUV,MPV,AWD,4.0,Regular,Automatic 9-spd,0.147,4.0
2024 FORD EXPLORER,5.0,7,24.0,,,,-1500.0,,SUV,MPV,4WD,4.0,Regular,Automatic 10-spd,0.151,4.0
2024 LINCOLN CORSAIR,5.0,5,24.0,,,,-1500.0,,SUV,MPV,AWD,4.0,Regular,Automatic (S8),0.174,4.0
2024 MAZDA CX-5,5.0,5,24.0,,,,-1500.0,,SUV,MPV,AWD,4.0,Regular,Automatic (S6),0.169,4.0
2024 TOYOTA HIGHLANDER,5.0,"7
8",24.0,,,,-1500.0,,SUV,MPV,AWD,4.0,Regular,Automatic (S8),0.164,4.0
2024 TOYOTA HIGHLANDER,5.0,"7
8",24.0,,,,-1500.0,,SUV,MPV,AWD,4.0,Regular,Automatic (S8),0.164,4.0
2017 FORD EDGE,5.0,5,23.0,,,,-1750.0,,SUV,MPV,AWD,4.0,Regular,Automatic (S6),0.155,4.0
2017 FORD ESCAPE,5.0,5,23.0,,,,-1750.0,,SUV,MPV,AWD,4.0,Regular,Automatic (S6),0.185,4.0
2017 GMC ACADIA,5.0,5 to 7,23.0,,,,-1750.0,,SUV,MPV,AWD,4.0,Regular,Automatic 6-spd,0.15,4.0
2017 GMC ACADIA,5.0,5 to 7,23.0,,,,-1750.0,,SUV,MPV,AWD,4.0,Regular,Automatic 6-spd,0.15,4.0
2017 HONDA PILOT,5.0,7 or 8,23.0,,,,-1750.0,,SUV,MPV,AWD,6.0,Regular,Automatic (S9),0.164,4.0
2017 HYUNDAI TUCSON,5.0,5,23.0,,,,-1750.0,,SUV,MPV,AWD,4.0,Regular,Automatic (S6),0.162,4.0
2017 KIA SORENTO,5.0,5 or 7,23.0,,,,-1750.0,,SUV,MPV,AWD,4.0,Regular,Automatic (S6),0.15,4.0
2017 KIA SPORTAGE,5.0,5,23.0,,,,-1750.0,,SUV,MPV,AWD,4.0,Regular,Automatic (S6),0.147,4.0
2017 KIA SPORTAGE,5.0,5,23.0,,,,-1750.0,,SUV,MPV,AWD,4.0,Regular,Automatic (S6),0.147,4.0
2017 NISSAN PATHFINDER,5.0,7,23.0,,,,-1750.0,,SUV,MPV,AWD,6.0,Regular,Automatic (variable gear ratios),0.179,4.0
2017 TOYOTA HIGHLANDER,5.0,7 or 8,23.0,,,,-1750.0,,SUV,MPV,AWD,6.0,Regular,Automatic (S8),0.169,4.0
2017 TOYOTA HIGHLANDER,5.0,7 or 8,23.0,,,,-1750.0,,SUV,MPV,AWD,6.0,Regular,Automatic (S8),0.169,4.0
2017 TOYOTA HIGHLANDER,5.0,7 or 8,23.0,,,,-1750.0,,SUV,MPV,AWD,6.0,Regular,Automatic (S8),0.169,4.0
2017 VOLVO XC60,5.0,5,23.0,,,,-1750.0,,SUV,MPV,AWD,4.0,Regular,Automatic (S8),0.176,4.0
2018 FORD EDGE,5.0,5,23.0,,,,-1750.0,,SUV,MPV,AWD,4.0,Regular,Automatic (S6),0.155,4.0
2018 GMC ACADIA,5.0,5 to 7,23.0,,,,-1750.0,,SUV,MPV,AWD,4.0,Regular,Automatic 6-spd,0.15,4.0
2018 GMC ACADIA,5.0,5 to 7,23.0,,,,-1750.0,,SUV,MPV,AWD,4.0,Regular,Automatic 6-spd,0.15,4.0
2018 HONDA PILOT,5.0,7 or 8,23.0,,,,-1750.0,,SUV,MPV,AWD,6.0,Regular,Automatic (S9),0.164,4.0
2018 HYUNDAI SANTA FE,5.0,6 or 7,23.0,,,,-1750.0,,SUV,MPV,AWD,4.0,Regular,Automatic (S6),0.157,4.0
2018 HYUNDAI SANTA FE,5.0,6 or 7,23.0,,,,-1750.0,,SUV,MPV,AWD,4.0,Regular,Automatic (S6),0.157,4.0
2018 HYUNDAI TUCSON,5.0,5,23.0,,,,-1750.0,,SUV,MPV,AWD,4.0,Regular,Automatic (S6),0.162,4.0
2018 KIA SORENTO,5.0,5 or 7,23.0,,,,-1750.0,,SUV,MPV,AWD,4.0,Regular,Automatic (S6),0.15,4.0
2018 KIA SPORTAGE,5.0,5,23.0,,,,-1750.0,,SUV,MPV,AWD,4.0,Regular,Automatic (S6),0.147,4.0
2018 KIA SPORTAGE,5.0,5,23.0,,,,-1750.0,,SUV,MPV,AWD,4.0,Regular,Automatic (S6),0.147,4.0
2018 MAZDA CX-9,5.0,7,23.0,,,,-1750.0,,SUV,MPV,AWD,4.0,Regular,Automatic (S6),0.151,4.0
2018 NISSAN PATHFINDER,5.0,7,23.0,,,,-1750.0,,SUV,MPV,AWD,6.0,Regular,Automatic (variable gear ratios),0.179,4.0
2018 TOYOTA HIGHLANDER,5.0,7 or 8,23.0,,,,-1750.0,,SUV,MPV,AWD,6.0,Regular,Automatic (S8),0.169,4.0
2018 TOYOTA HIGHLANDER,5.0,7 or 8,23.0,,,,-1750.0,,SUV,MPV,AWD,6.0,Regular,Automatic (S8),0.169,4.0
2018 TOYOTA HIGHLANDER,5.0,7 or 8,23.0,,,,-1750.0,,SUV,MPV,AWD,6.0,Regular,Automatic (S8),0.169,4.0
2018 VOLKSWAGEN TIGUAN,5.0,57,23.0,,,,-1750.0,,SUV,MPV,AWD,4.0,Regular,Automatic (S8),0.156,4.0
2019 FORD EDGE,5.0,5,23.0,,,,-1750.0,,SUV,MPV,AWD,4.0,Regular,Automatic (S8),0.155,4.0
2019 FORD ESCAPE,5.0,5,23.0,,,,-1750.0,,SUV,MPV,AWD,4.0,Regular,Automatic (S6),0.185,4.0
2019 GMC ACADIA,5.0,5 to 7,23.0,,,,-1750.0,,SUV,MPV,AWD,4.0,Regular,Automatic 6-spd,0.15,4.0
2019 HONDA PILOT,5.0,7 or 8,23.0,,,,-1750.0,,SUV,MPV,AWD,6.0,Regular,Automatic (S9),0.164,4.0
2019 HYUNDAI SANTA FE,5.0,5,23.0,,,,-1750.0,,SUV,MPV,AWD,4.0,Regular,Automatic (S8),0.146,4.0
2019 HYUNDAI TUCSON,5.0,5,23.0,,,,-1750.0,,SUV,MPV,AWD,4.0,Regular,Automatic (S6),0.155,4.0
2019 HYUNDAI TUCSON,5.0,5,23.0,,,,-1750.0,,SUV,MPV,AWD,4.0,Regular,Automatic (S6),0.155,4.0
2019 KIA SORENTO,5.0,5 or 7,23.0,,,,-1750.0,,SUV,MPV,AWD,4.0,Regular,Automatic (S6),0.158,4.0
2019 KIA SPORTAGE,5.0,5,23.0,,,,-1750.0,,SUV,MPV,AWD,4.0,Regular,Automatic (S6),0.147,4.0
2019 KIA SPORTAGE,5.0,5,23.0,,,,-1750.0,,SUV,MPV,AWD,4.0,Regular,Automatic (S6),0.147,4.0
2019 LINCOLN NAUTILUS,5.0,5,23.0,,,,-1750.0,,SUV,MPV,AWD,4.0,Regular,Automatic (S8),0.155,4.0
2019 MAZDA CX-9,5.0,7,23.0,,,,-1750.0,,SUV,MPV,AWD,4.0,Regular,Automatic (S6),0.159,4.0
2019 NISSAN PATHFINDER,5.0,7,23.0,,,,-1750.0,,SUV,MPV,AWD,6.0,Regular,Automatic (variable gear ratios),0.179,4.0
2019 SUBARU ASCENT,5.0,7 or 8,23.0,,,,-1750.0,,SUV,MPV,AWD,4.0,Regular,Automatic (AV-S8),0.17,4.0
2019 TOYOTA HIGHLANDER,5.0,7 or 8,23.0,,,,-1750.0,,SUV,MPV,AWD,6.0,Regular,Automatic (S8),0.185,4.0
2019 TOYOTA HIGHLANDER,5.0,7 or 8,23.0,,,,-1750.0,,SUV,MPV,AWD,6.0,Regular,Automatic (S8),0.185,4.0
2019 TOYOTA HIGHLANDER,5.0,7 or 8,23.0,,,,-1750.0,,SUV,MPV,AWD,6.0,Regular,Automatic (S8),0.185,4.0
2020 CHEVROLET BLAZER,5.0,5,23.0,,,,-1750.0,,SUV,MPV,AWD,4.0,Regular,Automatic 9-spd,0.147,4.0
2020 CHEVROLET BLAZER,5.0,5,23.0,,,,-1750.0,,SUV,MPV,AWD,4.0,Regular,Automatic 9-spd,0.147,4.0
2020 FORD EDGE,5.0,5,23.0,,,,-1750.0,,SUV,MPV,AWD,4.0,Regular,Automatic (S8),0.155,4.0
2020 FORD EDGE,5.0,5,23.0,,,,-1750.0,,SUV,MPV,AWD,4.0,Regular,Automatic 8-spd,0.155,4.0
2020 FORD EXPLORER,5.0,"6,7",23.0,,,,-1750.0,,SUV,MPV,4WD,4.0,Regular,Automatic (S10),0.151,4.0
2020 GMC ACADIA,5.0,5 to 7,23.0,,,,-1750.0,,SUV,MPV,AWD,4.0,Regular,Automatic 9-spd,0.151,4.0
2020 GMC ACADIA,5.0,5 to 7,23.0,,,,-1750.0,,SUV,MPV,AWD,4.0,Regular,Automatic 9-spd,0.151,4.0
2020 HONDA PILOT,5.0,7or 8,23.0,,,,-1750.0,,SUV,MPV,AWD,6.0,Regular,Automatic (S9),0.164,4.0
2020 HYUNDAI SANTA FE,5.0,5,23.0,,,,-1750.0,,SUV,MPV,AWD,4.0,Regular,Automatic (S8),0.146,4.0
2020 HYUNDAI TUCSON,5.0,5,23.0,,,,-1750.0,,SUV,MPV,AWD,4.0,Regular,Automatic (S6),0.155,4.0
2020 HYUNDAI TUCSON,5.0,5,23.0,,,,-1750.0,,SUV,MPV,AWD,4.0,Regular,Automatic (S6),0.155,4.0
2020 KIA SORENTO,5.0,5 or 7,23.0,,,,-1750.0,,SUV,MPV,AWD,4.0,Regular,Automatic (S6),0.158,4.0
2020 KIA SPORTAGE,5.0,5,23.0,,,,-1750.0,,SUV,MPV,AWD,4.0,Regular,Automatic (S6),0.147,4.0
2020 KIA SPORTAGE,5.0,5,23.0,,,,-1750.0,,SUV,MPV,AWD,4.0,Regular,Automatic (S6),0.147,4.0
2020 KIA TELLURIDE,5.0,7 or 8,23.0,,,,-1750.0,,SUV,MPV,AWD,6.0,Regular,Automatic (S8),0.143,4.0
2020 LINCOLN AVIATOR,5.0,"6,7",23.0,,,,0.0,,SUV,MPV,4WD,6.0,Regular Gas and Electricity,Automatic (S10),0.151,4.0
2020 LINCOLN NAUTILUS,5.0,5,23.0,,,,-1750.0,,SUV,MPV,AWD,4.0,Regular,Automatic (S8),0.155,4.0
2020 MAZDA CX-9,5.0,7,23.0,,,,-1750.0,,SUV,MPV,AWD,4.0,Regular,Automatic (S6),0.159,4.0
2020 NISSAN PATHFINDER,5.0,7,23.0,,,,-1750.0,,SUV,MPV,AWD,6.0,Regular,Automatic (variable gear ratios),0.179,4.0
2020 SUBARU ASCENT,5.0,7 or 8,23.0,,,,-1750.0,,SUV,MPV,AWD,4.0,Regular,Automatic (AV-S8),0.17,4.0
2020 TOYOTA HIGHLANDER,5.0,7 8,23.0,,,,-1750.0,,SUV,MPV,AWD,6.0,Regular,Automatic (S8),0.164,4.0
2020 TOYOTA HIGHLANDER,5.0,7 8,23.0,,,,-1750.0,,SUV,MPV,AWD,6.0,Regular,Automatic (S8),0.164,4.0
2020 VOLKSWAGEN TIGUAN,5.0,5 or 7,23.0,,,,-1750.0,,SUV,MPV,AWD,4.0,Regular,Automatic (S8),0.0,4.0
2021 AUDI Q3,5.0,5,23.0,,,,-1750.0,,SUV,MPV,AWD,4.0,Regular,Automatic (S8),0.164,4.0
2021 CHEVROLET BLAZER,5.0,5,23.0,,,,-1750.0,,SUV,MPV,AWD,4.0,Regular,Automatic (S9),0.147,4.0
2021 FORD BRONCO SPORT,5.0,5,23.0,,,,-1750.0,,SUV,MPV,4WD,4.0,Regular,Automatic (S8),0.174,4.0
2021 FORD EDGE,5.0,5,23.0,,,,-1750.0,,SUV,MPV,AWD,4.0,Regular,Automatic 8-spd,0.155,4.0
2021 FORD EDGE,5.0,5,23.0,,,,-1750.0,,SUV,MPV,AWD,4.0,Regular,Automatic (S8),0.155,4.0
2021 FORD EXPLORER,5.0,"6,7",23.0,,,,-1750.0,,SUV,MPV,4WD,4.0,Regular,Automatic (S10),0.151,4.0
2021 FORD EXPLORER,5.0,"6,7",23.0,,,,-1750.0,,SUV,MPV,4WD,4.0,Regular,Automatic 10-spd,0.151,4.0
2021 GMC ACADIA,5.0,5 to 7,23.0,,,,-1750.0,,SUV,MPV,AWD,4.0,Regular,Automatic 9-spd,0.151,4.0
2021 HONDA PILOT,5.0,7 or 8,23.0,,,,-1750.0,,SUV,MPV,AWD,6.0,Regular,Automatic (S9),0.164,4.0
2021 HYUNDAI TUCSON,5.0,5,23.0,,,,-1750.0,,SUV,MPV,AWD,4.0,Regular,Automatic (S6),0.155,4.0
2021 HYUNDAI TUCSON,5.0,5,23.0,,,,-1750.0,,SUV,MPV,AWD,4.0,Regular,Automatic (S6),0.155,4.0
2021 KIA SPORTAGE,5.0,5,23.0,,,,-1750.0,,SUV,MPV,AWD,4.0,Regular,Automatic (S6),0.147,4.0
2021 KIA SPORTAGE,5.0,5,23.0,,,,-1750.0,,SUV,MPV,AWD,4.0,Regular,Automatic (S6),0.147,4.0
2021 KIA TELLURIDE,5.0,7 or 8,23.0,,,,-1750.0,,SUV,MPV,AWD,6.0,Regular,Automatic (S8),0.143,4.0
2021 LINCOLN AVIATOR,5.0,"6,7",23.0,,,,0.0,,SUV,MPV,4WD,6.0,Regular Gas and Electricity,Automatic (S10),0.151,4.0
2021 LINCOLN NAUTILUS,5.0,5,23.0,,,,-1750.0,,SUV,MPV,AWD,4.0,Regular,Automatic (S8),0.155,4.0
2021 LINCOLN NAUTILUS,5.0,5,23.0,,,,-1750.0,,SUV,MPV,AWD,4.0,Regular,Automatic 8-spd,0.155,4.0
2021 MAZDA CX-9,5.0,7,23.0,,,,-1750.0,,SUV,MPV,AWD,4.0,Regular,Automatic (S6),0.159,4.0
2021 SUBARU ASCENT,5.0,7 or 8,23.0,,,,-1750.0,,SUV,MPV,AWD,4.0,Regular,Automatic (AV-S8),0.17,4.0
2021 TOYOTA HIGHLANDER,5.0,7 8,23.0,,,,-1750.0,,SUV,MPV,AWD,6.0,Regular,Automatic (S8),0.164,4.0
2021 TOYOTA HIGHLANDER,5.0,7 8,23.0,,,,-1750.0,,SUV,MPV,AWD,6.0,Regular,Automatic (S8),0.164,4.0
2022 FORD BRONCO SPORT,5.0,5,23.0,,,,-1750.0,,SUV,MPV,4WD,4.0,Regular,Automatic (S8),0.174,4.0
2022 FORD EDGE,5.0,5,23.0,,,,-1750.0,,SUV,MPV,AWD,4.0,Regular,Automatic 8-spd,0.155,4.0
2022 FORD EDGE,5.0,5,23.0,,,,-1750.0,,SUV,MPV,AWD,4.0,Regular,Automatic (S8),0.155,4.0
2022 HONDA PILOT,5.0,7,23.0,,,,-1750.0,,SUV,MPV,AWD,6.0,Regular,Automatic (S9),0.164,4.0
2022 KIA SPORTAGE,5.0,5,23.0,,,,-1750.0,,SUV,MPV,AWD,4.0,Regular,Automatic (S6),0.147,4.0
2022 KIA SPORTAGE,5.0,5,23.0,,,,-1750.0,,SUV,MPV,AWD,4.0,Regular,Automatic (S6),0.147,4.0
2022 KIA TELLURIDE,5.0,7 or 8,23.0,,,,-1750.0,,SUV,MPV,AWD,6.0,Regular,Automatic (S8),0.143,4.0
2022 LINCOLN AVIATOR,5.0,"6,7",23.0,,,,0.0,,SUV,MPV,4WD,6.0,Regular Gas and Electricity,Automatic (S10),0.151,4.0
2022 LINCOLN NAUTILUS,5.0,5,23.0,,,,-1750.0,,SUV,MPV,AWD,4.0,Regular,Automatic 8-spd,0.155,4.0
2022 LINCOLN NAUTILUS,5.0,5,23.0,,,,-1750.0,,SUV,MPV,AWD,4.0,Regular,Automatic (S8),0.155,4.0
2022 MAZDA CX-9,5.0,7,23.0,,,,-1750.0,,SUV,MPV,AWD,4.0,Regular,Automatic (S6),0.159,4.0
2022 NISSAN PATHFINDER,5.0,7 or 8,23.0,,,,-1750.0,,SUV,MPV,AWD,6.0,Regular,Automatic (S9),0.155,4.0
2022 NISSAN PATHFINDER,5.0,7 or 8,23.0,,,,-1750.0,,SUV,MPV,AWD,6.0,Regular,Automatic (S9),0.155,4.0
2022 SUBARU ASCENT,5.0,7 or 8,23.0,,,,-1750.0,,SUV,MPV,AWD,4.0,Regular,Automatic (AV-S8),0.17,4.0
2022 TOYOTA HIGHLANDER,5.0,7 or 8,23.0,,,,-1750.0,,SUV,MPV,AWD,6.0,Regular,Automatic (S8),0.164,4.0
2022 TOYOTA HIGHLANDER,5.0,7 or 8,23.0,,,,-1750.0,,SUV,MPV,AWD,6.0,Regular,Automatic (S8),0.164,4.0
2022 VOLKSWAGEN ATLAS,5.0,6 or 7,23.0,,,,-1750.0,,SUV,MPV,AWD,4.0,Regular,Automatic (S8),0.159,4.0
2022 VOLKSWAGEN ATLAS,5.0,6 or 7,23.0,,,,-1750.0,,SUV,MPV,AWD,4.0,Regular,Automatic (S8),0.159,4.0
2023 FORD BRONCO SPORT,5.0,5,23.0,,,,-1750.0,,SUV,MPV,4WD,4.0,Regular,Automatic (S8),0.174,4.0
2023 FORD EDGE,5.0,5,23.0,,,,-1750.0,,SUV,MPV,AWD,4.0,Regular,Automatic 8-spd,0.155,4.0
2023 FORD EDGE,5.0,5,23.0,,,,-1750.0,,SUV,MPV,AWD,4.0,Regular,Automatic (S8),0.155,4.0
2023 FORD EXPLORER,5.0,7,23.0,,,,-1750.0,,SUV,MPV,4WD,4.0,Regular,Automatic 10-spd,0.151,4.0
2023 FORD EXPLORER,5.0,7,23.0,,,,-1750.0,,SUV,MPV,4WD,4.0,Regular,Automatic 10-spd,0.151,4.0
2023 FORD EXPLORER,5.0,7,23.0,,,,-1750.0,,SUV,MPV,4WD,6.0,Regular,Automatic 10-spd,0.151,4.0
2023 HYUNDAI SANTA CRUZ,5.0,5,23.0,,,,-1750.0,,PU/CC,TRUCK,AWD,4.0,Regular,Automatic (S8),0.164,4.0
2023 HYUNDAI SANTA CRUZ,5.0,5,23.0,,,,-1750.0,,PU/CC,TRUCK,AWD,4.0,Regular,Automatic (S8),0.164,4.0
2023 KIA TELLURIDE,5.0,8,23.0,,,,-1750.0,,SUV,MPV,AWD,6.0,Regular,Automatic (S8),0.143,4.0
2023 LINCOLN AVIATOR,5.0,7,23.0,,,,0.0,,SUV,MPV,4WD,6.0,Regular Gas and Electricity,Automatic (S10),0.151,4.0
2023 LINCOLN NAUTILUS,5.0,5,23.0,,,,-1750.0,,SUV,MPV,AWD,4.0,Regular,Automatic 8-spd,0.155,4.0
2023 LINCOLN NAUTILUS,5.0,5,23.0,,,,-1750.0,,SUV,MPV,AWD,4.0,Regular,Automatic (S8),0.155,4.0
2023 MAZDA CX-9,5.0,7,23.0,,,,-1750.0,,SUV,MPV,AWD,4.0,Regular,Automatic (S6),0.151,4.0
2023 NISSAN PATHFINDER,5.0,7,23.0,,,,-1750.0,,SUV,MPV,AWD,6.0,Regular,Automatic (S9),0.155,4.0
2023 NISSAN PATHFINDER,5.0,7,23.0,,,,-1750.0,,SUV,MPV,AWD,6.0,Regular,Automatic (S9),0.155,4.0
2023 SUBARU OUTBACK,5.0,5,23.0,,,,-1750.0,,SW,MPV,AWD,4.0,Regular,Automatic (AV-S8),0.185,4.0
2023 VOLKSWAGEN ATLAS,5.0,"6
7",23.0,,,,-1750.0,,SUV,MPV,AWD,4.0,Regular,Automatic (S8),0.159,4.0
2023 VOLKSWAGEN ATLAS,5.0,"6
7",23.0,,,,-1750.0,,SUV,MPV,AWD,4.0,Regular,Automatic (S8),0.159,4.0
2024 AUDI Q3,5.0,5,23.0,,,,-1750.0,,SUV,MPV,AWD,4.0,Regular,Automatic (S8),0.164,4.0
2024 CHEVROLET TRAVERSE,5.0,8,23.0,,,,-1750.0,,SUV,MPV,AWD,4.0,Regular,Automatic 8-spd,0.185,4.0
2024 FORD BRONCO SPORT,5.0,5,23.0,,,,-1750.0,,SUV,MPV,4WD,4.0,Regular,Automatic (S8),0.174,4.0
2024 FORD EDGE,5.0,5,23.0,,,,-1750.0,,SUV,MPV,AWD,4.0,Regular,Automatic (S8),0.155,4.0
2024 FORD EDGE,5.0,5,23.0,,,,-1750.0,,SUV,MPV,AWD,4.0,Regular,Automatic 8-spd,0.155,4.0
2024 FORD EXPLORER,5.0,7,23.0,,,,-1750.0,,SUV,MPV,4WD,4.0,Regular,Automatic 10-spd,0.151,4.0
2024 GMC ACADIA,5.0,7,23.0,,,,-1750.0,,SUV,MPV,AWD,4.0,Regular,Automatic 8-spd,0.185,4.0
2024 HYUNDAI SANTA CRUZ,5.0,5,23.0,,,,-1750.0,,PU/CC Early Release,TRUCK,AWD,4.0,Regular,Automatic (S8),0.164,4.0
2024 HYUNDAI SANTA CRUZ,5.0,5,23.0,,,,-1750.0,,PU/CC Early Release,TRUCK,AWD,4.0,Regular,Automatic (S8),0.164,4.0
2024 HYUNDAI SANTA CRUZ,5.0,5,23.0,,,,-1750.0,,PU/CC Later Release,TRUCK,AWD,4.0,Regular,Automatic (S8),0.164,4.0
2024 HYUNDAI SANTA CRUZ,5.0,5,23.0,,,,-1750.0,,PU/CC Later Release,TRUCK,AWD,4.0,Regular,Automatic (S8),0.164,4.0
2024 JEEP GRAND CHEROKEE,5.0,5,23.0,,,,250.0,,SUV,MPV,4WD,4.0,Regular Gas and Electricity,Automatic 8-spd,0.179,4.0
2024 KIA SORENTO,5.0,"6
7",23.0,,,,-1750.0,,SUV,MPV,AWD,4.0,Regular,Automatic (AM-S8),0.159,4.0
2024 KIA SORENTO,5.0,"6
7",23.0,,,,-1750.0,,SUV,MPV,AWD,4.0,Regular,Automatic (AM-S8),0.159,4.0
2024 NISSAN PATHFINDER,5.0,7,23.0,,,,-1750.0,,SUV,MPV,AWD,6.0,Regular,Automatic (S9),0.155,4.0
2024 NISSAN PATHFINDER,5.0,7,23.0,,,,-1750.0,,SUV,MPV,AWD,6.0,Regular,Automatic (S9),0.155,4.0
2024 SUBARU OUTBACK,5.0,5,23.0,,,,-1750.0,,SW,MPV,AWD,4.0,Regular,Automatic (AV-S8),0.185,4.0
2024 VOLKSWAGEN ATLAS,5.0,7,23.0,,,,-1750.0,,SUV,MPV,AWD,4.0,Regular,Automatic (S8),0.159,4.0
2024 VOLKSWAGEN ATLAS,5.0,7,23.0,,,,-1750.0,,SUV,MPV,AWD,4.0,Regular,Automatic (S8),0.159,4.0
2022 JEEP RENEGADE,4.0,5,27.0,0.5881945062682665,20291.0,39423.333333333336,-250.0,132.0,SUV,MPV,AWD,4.0,Regular,Automatic 9-spd,0.228,3.0
2022 JEEP RENEGADE,4.0,5,26.0,0.5881945062682665,20291.0,39423.333333333336,-500.0,132.0,SUV,MPV,AWD,4.0,Regular,Automatic 9-spd,0.228,3.0
2022 JEEP RENEGADE,4.0,5,24.0,0.5881945062682665,20291.0,39423.333333333336,-1500.0,132.0,SUV,MPV,AWD,4.0,Regular,Automatic 9-spd,0.228,3.0
2022 VOLKSWAGEN TAOS,4.0,5,31.0,0.4654417798851098,20418.0,43868.0,750.0,44.0,SUV,MPV,AWD,4.0,Regular,Automatic 8-spd,0.147,4.0
2022 VOLKSWAGEN TAOS,4.0,5,28.0,0.4654417798851098,20418.0,43868.0,0.0,44.0,SUV,MPV,AWD,4.0,Regular,Automatic 7-spd,0.147,4.0
2018 JEEP COMPASS,4.0,5,26.0,0.4601202079272254,16995.0,36936.0,-500.0,1.0,SUV,MPV,AWD,4.0,Regular,Manual 6-spd,0.206,3.0
2018 JEEP COMPASS,4.0,5,25.0,0.4601202079272254,16995.0,36936.0,-1000.0,1.0,SUV,MPV,AWD,4.0,Regular,Automatic 6-spd,0.206,3.0
2018 JEEP COMPASS,4.0,5,25.0,0.4601202079272254,16995.0,36936.0,-1000.0,1.0,SUV,MPV,AWD,4.0,Regular,Automatic 9-spd,0.206,3.0
2018 JEEP COMPASS,4.0,5,25.0,0.4601202079272254,16995.0,36936.0,-1000.0,1.0,SUV,MPV,AWD,4.0,Regular,Manual 6-spd,0.206,3.0
2018 MAZDA CX-5,4.0,5,28.0,0.3765001348622406,20464.5,56079.0,0.0,2.0,SUV,MPV,AWD,4.0,Regular,Automatic (S6),0.174,4.0
2018 MAZDA CX-5,4.0,5,26.0,0.3765001348622406,20464.5,56079.0,-500.0,2.0,SUV,MPV,AWD,4.0,Regular,Automatic (S6),0.174,4.0
2018 NISSAN ROGUE,4.0,5 or 7,34.0,0.3651454739252299,18499.0,50662.0,1500.0,1.0,SUV,MPV,AWD,4.0,Regular,Automatic (AV-S7),0.164,4.0
2018 NISSAN ROGUE,4.0,5 or 7,34.0,0.3651454739252299,18499.0,50662.0,1500.0,1.0,SUV,MPV,AWD,4.0,Regular,Automatic (AV-S7),0.164,4.0
2018 NISSAN ROGUE,4.0,5 or 7,33.0,0.3651454739252299,18499.0,50662.0,1250.0,1.0,SUV,MPV,AWD,4.0,Regular,Automatic (AV-S7),0.164,4.0
2018 NISSAN ROGUE,4.0,5 or 7,33.0,0.3651454739252299,18499.0,50662.0,1250.0,1.0,SUV,MPV,AWD,4.0,Regular,Automatic (AV-S7),0.164,4.0
2018 NISSAN ROGUE,4.0,5 or 7,29.0,0.3651454739252299,18499.0,50662.0,250.0,1.0,SUV,MPV,AWD,4.0,Regular,Automatic (variable gear ratios),0.164,4.0
2018 NISSAN ROGUE,4.0,5 or 7,29.0,0.3651454739252299,18499.0,50662.0,250.0,1.0,SUV,MPV,AWD,4.0,Regular,Automatic (variable gear ratios),0.164,4.0
2018 NISSAN ROGUE,4.0,5 or 7,27.0,0.3651454739252299,18499.0,50662.0,-250.0,1.0,SUV,MPV,AWD,4.0,Regular,Automatic (variable gear ratios),0.164,4.0
2018 NISSAN ROGUE,4.0,5 or 7,27.0,0.3651454739252299,18499.0,50662.0,-250.0,1.0,SUV,MPV,AWD,4.0,Regular,Automatic (variable gear ratios),0.164,4.0
2022 HYUNDAI TUCSON,4.0,5,38.0,,,,2250.0,,SUV,MPV,AWD,4.0,Regular,Automatic (AM-S6),0.174,4.0
2022 HYUNDAI TUCSON,4.0,5,38.0,,,,2250.0,,SUV,MPV,AWD,4.0,Regular,Automatic (AM-S6),0.174,4.0
2023 HYUNDAI TUCSON,4.0,5,38.0,,,,2250.0,,SUV,MPV,AWD,4.0,Regular,Automatic (AM-S6),0.174,4.0
2021 KIA SORENTO,4.0,6 or 7,37.0,,,,2000.0,,SUV,MPV,AWD,4.0,Regular,Automatic (AM-S6),0.159,4.0
2021 KIA SORENTO,4.0,6 or 7,37.0,,,,2000.0,,SUV,MPV,AWD,4.0,Regular,Automatic (AM-S6),0.159,4.0
2022 HYUNDAI TUCSON,4.0,5,37.0,,,,2000.0,,SUV,MPV,AWD,4.0,Regular,Automatic (AM-S6),0.174,4.0
2022 HYUNDAI TUCSON,4.0,5,37.0,,,,2000.0,,SUV,MPV,AWD,4.0,Regular,Automatic (AM-S6),0.174,4.0
2022 KIA SORENTO,4.0,6 or 7,37.0,,,,2000.0,,SUV,MPV,AWD,4.0,Regular,Automatic (AM-S6),0.159,4.0
2023 HYUNDAI TUCSON,4.0,5,37.0,,,,2000.0,,SUV,MPV,AWD,4.0,Regular,Automatic (AM-S6),0.174,4.0
2023 KIA SORENTO,4.0,7,37.0,,,,2000.0,,SUV,MPV,AWD,4.0,Regular,Automatic (AM-S6),0.159,4.0
2024 HYUNDAI SANTA FE,4.0,7,36.0,,,,2000.0,,SUV,MPV,AWD,4.0,Regular,Automatic (AM-S6),0.174,4.0
2022 HYUNDAI TUCSON,4.0,5,35.0,,,,3000.0,,SUV,MPV,AWD,4.0,Regular Gas and Electricity,Automatic (AM-S6),0.174,4.0
2022 HYUNDAI TUCSON,4.0,5,35.0,,,,3000.0,,SUV,MPV,AWD,4.0,Regular Gas and Electricity,Automatic (AM-S6),0.174,4.0
2022 KIA SORENTO,4.0,6 or 7,35.0,,,,1750.0,,SUV,MPV,AWD,4.0,Regular,Automatic (AM-S6),0.159,4.0
2023 HYUNDAI TUCSON,4.0,5,35.0,,,,3000.0,,SUV,MPV,AWD,4.0,Regular Gas and Electricity,Automatic (AM-S6),0.174,4.0
2017 NISSAN ROGUE,4.0,5 or 7,34.0,,,,1500.0,,SUV,MPV,AWD,4.0,Regular,Automatic (AV-S7),0.164,4.0
2019 NISSAN ROGUE,4.0,5 or 7,34.0,,,,1500.0,,SUV,MPV,AWD,4.0,Regular,Automatic (AV-S7),0.164,4.0
2022 KIA SORENTO,4.0,6 or 7,34.0,,,,3000.0,,SUV,MPV,AWD,4.0,Regular Gas and Electricity,Automatic (AM-S6),0.159,4.0
2023 KIA SORENTO,4.0,7,34.0,,,,1500.0,,SUV,MPV,AWD,4.0,Regular,Automatic (AM-S6),0.159,4.0
2023 KIA SORENTO,4.0,7,34.0,,,,3000.0,,SUV,MPV,AWD,4.0,Regular Gas and Electricity,Automatic (AM-S6),0.159,4.0
2024 HYUNDAI SANTA FE,4.0,7,34.0,,,,1500.0,,SUV,MPV,AWD,4.0,Regular,Automatic (AM-S6),0.174,4.0
2017 NISSAN ROGUE,4.0,5 or 7,33.0,,,,1250.0,,SUV,MPV,AWD,4.0,Regular,Automatic (AV-S7),0.164,4.0
2019 NISSAN ROGUE,4.0,5 or 7,33.0,,,,1250.0,,SUV,MPV,AWD,4.0,Regular,Automatic (AV-S7),0.164,4.0
2021 NISSAN ROGUE,4.0,5 or 7,33.0,,,,1250.0,,SUV,MPV,AWD,3.0,Regular,Automatic (AV-S8),0.179,4.0
2021 NISSAN ROGUE,4.0,5 or 7,33.0,,,,1250.0,,SUV,MPV,AWD,3.0,Regular,Automatic (AV-S8),0.179,4.0
2021 NISSAN ROGUE,4.0,5 or 7,33.0,,,,1250.0,,SUV,MPV,AWD,3.0,Regular,Automatic (AV-S8),0.179,4.0
2021 NISSAN ROGUE,4.0,5 or 7,33.0,,,,1250.0,,SUV,MPV,AWD,3.0,Regular,Automatic (AV-S8),0.179,4.0
2022 NISSAN ROGUE,4.0,5 or 7,33.0,,,,1250.0,,SUV,MPV,AWD,3.0,Regular,Automatic (AV-S8),0.179,4.0
2021 NISSAN ROGUE,4.0,5 or 7,32.0,,,,1000.0,,SUV,MPV,AWD,3.0,Regular,Automatic (AV-S8),0.179,4.0
2021 NISSAN ROGUE,4.0,5 or 7,32.0,,,,1000.0,,SUV,MPV,AWD,3.0,Regular,Automatic (AV-S8),0.179,4.0
2021 NISSAN ROGUE,4.0,5 or 7,32.0,,,,1000.0,,SUV,MPV,AWD,3.0,Regular,Automatic (AV-S8),0.179,4.0
2021 NISSAN ROGUE,4.0,5 or 7,32.0,,,,1000.0,,SUV,MPV,AWD,3.0,Regular,Automatic (AV-S8),0.179,4.0
2022 NISSAN ROGUE,4.0,5 or 7,32.0,,,,1000.0,,SUV,MPV,AWD,3.0,Regular,Automatic (AV-S8),0.179,4.0
2021 CHEVROLET TRAILBLAZER,4.0,5,31.0,,,,750.0,,SUV,MPV,AWD,3.0,Regular,Automatic (variable gear ratios),0.179,4.0
2021 KIA SELTOS,4.0,5,31.0,,,,750.0,,SUV,MPV,AWD,4.0,Regular,Automatic (AV-S8),0.151,4.0
2022 KIA SELTOS,4.0,5,31.0,,,,750.0,,SUV,MPV,AWD,4.0,Regular,Automatic (AV-S8),0.151,4.0
2022 NISSAN ROGUE,4.0,5 or 7,31.0,,,,750.0,,SUV,MPV,AWD,3.0,Regular,Automatic (AV-S8),0.179,4.0
2022 NISSAN ROGUE,4.0,5 or 7,31.0,,,,750.0,,SUV,MPV,AWD,3.0,Regular,Automatic (AV-S8),0.179,4.0
2023 KIA SELTOS,4.0,5,31.0,,,,750.0,,SUV,MPV,AWD,4.0,Regular,Automatic (AV-S8),0.151,4.0
2023 VOLKSWAGEN TAOS,4.0,5,31.0,,,,750.0,,SUV,MPV,AWD,4.0,Regular,Automatic (S8),0.147,4.0
2024 HYUNDAI KONA,4.0,5,31.0,,,,750.0,,SUV,MPV,AWD,4.0,Regular,Automatic (AV-S1),0.159,4.0
2024 HYUNDAI KONA,4.0,5,31.0,,,,750.0,,SUV,MPV,AWD,4.0,Regular,Automatic (AV-S1),0.159,4.0
2024 VOLKSWAGEN TAOS,4.0,5,31.0,,,,750.0,,SUV,MPV,AWD,4.0,Regular,Automatic (S8),0.147,4.0
2021 NISSAN ROGUE,4.0,5 or 7,30.0,,,,500.0,,SUV,MPV,AWD,4.0,Regular,Automatic (AV-S8),0.179,4.0
2021 NISSAN ROGUE,4.0,5 or 7,30.0,,,,500.0,,SUV,MPV,AWD,4.0,Regular,Automatic (AV-S8),0.179,4.0
2017 NISSAN ROGUE,4.0,5 or 7,29.0,,,,250.0,,SUV,MPV,AWD,4.0,Regular,Automatic (variable gear ratios),0.164,4.0
2019 NISSAN ROGUE,4.0,5 or 7,29.0,,,,250.0,,SUV,MPV,AWD,4.0,Regular,Automatic (variable gear ratios),0.164,4.0
2020 NISSAN ROGUE,4.0,5 or 7,29.0,,,,250.0,,SUV,MPV,AWD,4.0,Regular,Automatic (variable gear ratios),0.164,4.0
2021 CHEVROLET TRAILBLAZER,4.0,5,29.0,,,,250.0,,SUV,MPV,AWD,3.0,Regular,Automatic (variable gear ratios),0.179,4.0
2021 KIA SELTOS,4.0,5,29.0,,,,250.0,,SUV,MPV,AWD,4.0,Regular,Automatic (AV-S8),0.151,4.0
2021 NISSAN ROGUE,4.0,5 or 7,29.0,,,,250.0,,SUV,MPV,AWD,4.0,Regular,Automatic (AV-S8),0.179,4.0
2021 NISSAN ROGUE,4.0,5 or 7,29.0,,,,250.0,,SUV,MPV,AWD,4.0,Regular,Automatic (AV-S8),0.179,4.0
2021 NISSAN ROGUE,4.0,5 or 7,29.0,,,,250.0,,SUV,MPV,AWD,4.0,Regular,Automatic (AV-S8),0.179,4.0
2021 NISSAN ROGUE,4.0,5 or 7,29.0,,,,250.0,,SUV,MPV,AWD,4.0,Regular,Automatic (AV-S8),0.179,4.0
2022 HYUNDAI TUCSON,4.0,5,29.0,,,,250.0,,SUV,MPV,AWD,4.0,Regular,Automatic (S8),0.174,4.0
2022 HYUNDAI TUCSON,4.0,5,29.0,,,,250.0,,SUV,MPV,AWD,4.0,Regular,Automatic (S8),0.174,4.0
2022 KIA SELTOS,4.0,5,29.0,,,,250.0,,SUV,MPV,AWD,4.0,Regular,Automatic (AV-S8),0.151,4.0
2023 KIA SELTOS,4.0,5,29.0,,,,250.0,,SUV,MPV,AWD,4.0,Regular,Automatic (AV-S8),0.151,4.0
2018 CHEVROLET EQUINOX,4.0,5,28.0,,,,0.0,,SUV,MPV,AWD,4.0,Regular,Automatic 6-spd,0.165,4.0
2018 FORD ECOSPORT,4.0,5,28.0,,,,0.0,,SUV,PC,AWD,3.0,Regular,Automatic (S6),0.191,4.0
2018 GMC TERRAIN,4.0,5,28.0,,,,0.0,,SUV,MPV,AWD,4.0,Regular,Automatic 9-spd,0.165,4.0
2019 FORD ECOSPORT,4.0,5,28.0,,,,0.0,,SUV,PC,AWD,3.0,Regular,Automatic (S6),0.191,4.0
2020 FORD ECOSPORT,4.0,5,28.0,,,,0.0,,SUV,MPV,AWD,3.0,Regular,Automatic (S6),0.191,4.0
2021 CHEVROLET TRAILBLAZER,4.0,5,28.0,,,,0.0,,SUV,MPV,AWD,3.0,Regular,Automatic 9-spd,0.179,4.0
2021 FORD ECOSPORT,4.0,5,28.0,,,,0.0,,SUV,MPV,AWD,3.0,Regular,Automatic (S6),0.191,4.0
2021 NISSAN ROGUE,4.0,5 or 7,28.0,,,,0.0,,SUV,MPV,AWD,4.0,Regular,Automatic (AV-S8),0.179,4.0
2021 NISSAN ROGUE,4.0,5 or 7,28.0,,,,0.0,,SUV,MPV,AWD,4.0,Regular,Automatic (AV-S8),0.179,4.0
2023 HYUNDAI TUCSON,4.0,5,28.0,,,,0.0,,SUV,MPV,AWD,4.0,Regular,Automatic (S8),0.174,4.0
2023 VOLKSWAGEN TAOS,4.0,5,28.0,,,,0.0,,SUV,MPV,AWD,4.0,Regular,Automatic (AM-S7),0.147,4.0
2024 HYUNDAI KONA,4.0,5,28.0,,,,0.0,,SUV,MPV,AWD,4.0,Regular,Automatic (S8),0.159,4.0
2024 HYUNDAI KONA,4.0,5,28.0,,,,0.0,,SUV,MPV,AWD,4.0,Regular,Automatic (AV-S1),0.159,4.0
2017 MAZDA CX-5,4.0,5,27.0,,,,-250.0,,SUV,MPV,AWD,4.0,Regular,Automatic (S6),0.169,4.0
2017 NISSAN ROGUE,4.0,5 or 7,27.0,,,,-250.0,,SUV,MPV,AWD,4.0,Regular,Automatic (variable gear ratios),0.164,4.0
2019 NISSAN ROGUE,4.0,5 or 7,27.0,,,,-250.0,,SUV,MPV,AWD,4.0,Regular,Automatic (variable gear ratios),0.164,4.0
2020 JEEP RENEGADE,4.0,5,27.0,,,,-250.0,,SUV,MPV,AWD,4.0,Regular,Automatic 9-spd,0.228,3.0
2020 NISSAN ROGUE,4.0,5 or 7,27.0,,,,-250.0,,SUV,MPV,AWD,4.0,Regular,Automatic (variable gear ratios),0.164,4.0
2021 JEEP RENEGADE,4.0,5,27.0,,,,-250.0,,SUV,MPV,AWD,4.0,Regular,Automatic 9-spd,0.228,3.0
2021 KIA SELTOS,4.0,5,27.0,,,,-250.0,,SUV,MPV,AWD,4.0,Regular,Automatic (AM-S7),0.151,4.0
2022 KIA SELTOS,4.0,5,27.0,,,,-250.0,,SUV,MPV,AWD,4.0,Regular,Automatic (AM-S7),0.151,4.0
2023 KIA SELTOS,4.0,5,27.0,,,,-250.0,,SUV,MPV,AWD,4.0,Regular,Automatic (AM-S7),0.151,4.0
2023 MITSUBISHI OUTLANDER,4.0,7,27.0,,,,-250.0,,SUV,MPV,AWD,4.0,Regular,Automatic (AV-S8),0.179,4.0
2023 MITSUBISHI OUTLANDER,4.0,7,27.0,,,,-250.0,,SUV,MPV,AWD,4.0,Regular,Automatic (AV-S6),0.179,4.0
2023 VOLKSWAGEN TIGUAN,4.0,"5
7",27.0,,,,-250.0,,SUV,MPV,AWD,4.0,Regular,Automatic (S8),0.155,4.0
2024 HYUNDAI KONA,4.0,5,27.0,,,,-250.0,,SUV,MPV,AWD,4.0,Regular,Automatic (AV-S1),0.159,4.0
2024 JEEP COMPASS,4.0,5,27.0,,,,-250.0,,SUV,MPV,AWD,4.0,Regular,Automatic 8-spd,0.204,3.0
2024 MITSUBISHI OUTLANDER,4.0,7,27.0,,,,-250.0,,SUV,MPV,AWD,4.0,Regular,Automatic (AV-S8),0.179,4.0
2024 MITSUBISHI OUTLANDER,4.0,7,27.0,,,,-250.0,,SUV,MPV,AWD,4.0,Regular,Automatic (AV-S6),0.179,4.0
2024 VOLKSWAGEN TAOS,4.0,5,27.0,,,,-250.0,,SUV,MPV,AWD,4.0,Regular,Automatic (AM-S7),0.147,4.0
2024 VOLKSWAGEN TIGUAN,4.0,7,27.0,,,,-250.0,,SUV,MPV,AWD,4.0,Regular,Automatic (S8),0.155,4.0
2017 JEEP COMPASS,4.0,5,26.0,,,,-500.0,,SUV,MPV,4WD,4.0,Regular,Manual 6-spd,0.164,4.0
2017 MAZDA CX-5,4.0,5,26.0,,,,-500.0,,SUV,MPV,AWD,4.0,Regular,Automatic (S6),0.169,4.0
2018 CHEVROLET EQUINOX,4.0,5,26.0,,,,-500.0,,SUV,MPV,AWD,4.0,Regular,Automatic 6-spd,0.165,4.0
2018 GMC TERRAIN,4.0,5,26.0,,,,-500.0,,SUV,MPV,AWD,4.0,Regular,Automatic 9-spd,0.165,4.0
2019 JEEP CHEROKEE,4.0,5,26.0,,,,-500.0,,SUV,MPV,4WD,4.0,Regular,Automatic 9-spd,0.169,4.0
2019 JEEP COMPASS,4.0,5,26.0,,,,-500.0,,SUV,MPV,AWD,4.0,Regular,Manual 6-spd,0.206,3.0
2020 JEEP CHEROKEE,4.0,5,26.0,,,,-500.0,,SUV,MPV,4WD,4.0,Regular,Automatic 9-spd,0.169,4.0
2020 JEEP COMPASS,4.0,5,26.0,,,,-500.0,,SUV,MPV,AWD,4.0,Regular,Manual 6-spd,0.206,3.0
2020 JEEP RENEGADE,4.0,5,26.0,,,,-500.0,,SUV,MPV,AWD,4.0,Regular,Automatic 9-spd,0.228,3.0
2021 JEEP CHEROKEE,4.0,5,26.0,,,,-500.0,,SUV,MPV,4WD,4.0,Regular,Automatic 9-spd,0.169,4.0
2021 JEEP RENEGADE,4.0,5,26.0,,,,-500.0,,SUV,MPV,AWD,4.0,Regular,Automatic 9-spd,0.228,3.0
2021 KIA SORENTO,4.0,6 or 7,26.0,,,,-500.0,,SUV,MPV,AWD,4.0,Regular,Automatic (S8),0.159,4.0
2021 KIA SORENTO,4.0,6 or 7,26.0,,,,-500.0,,SUV,MPV,AWD,4.0,Regular,Automatic (S8),0.159,4.0
2022 HYUNDAI TUCSON,4.0,5,26.0,,,,-500.0,,SUV,MPV,AWD,4.0,Regular,Automatic (S8),0.174,4.0
2022 HYUNDAI TUCSON,4.0,5,26.0,,,,-500.0,,SUV,MPV,AWD,4.0,Regular,Automatic (S8),0.174,4.0
2022 JEEP CHEROKEE,4.0,5,26.0,,,,-500.0,,SUV,MPV,AWD,4.0,Regular,Automatic 9-spd,0.169,4.0
2022 KIA SORENTO,4.0,6 or 7,26.0,,,,-500.0,,SUV,MPV,AWD,4.0,Regular,Automatic (S8),0.159,4.0
2023 JEEP RENEGADE,4.0,5,26.0,,,,-500.0,,SUV,MPV,AWD,4.0,Regular,Automatic 9-spd,0.228,3.0
2023 KIA SORENTO,4.0,7,26.0,,,,-500.0,,SUV,MPV,AWD,4.0,Regular,Automatic (S8),0.159,4.0
2023 MITSUBISHI OUTLANDER,4.0,7,26.0,,,,-500.0,,SUV,MPV,AWD,4.0,Regular,Automatic (AV-S8),0.179,4.0
2023 MITSUBISHI OUTLANDER,4.0,7,26.0,,,,-500.0,,SUV,MPV,AWD,4.0,Regular,Automatic (AV-S6),0.179,4.0
2023 MITSUBISHI OUTLANDER,4.0,7,26.0,,,,1500.0,,SUV,MPV,AWD,4.0,Regular Gas and Electricity,Automatic (A1),0.179,4.0
2023 VOLKSWAGEN TIGUAN,4.0,"5
7",26.0,,,,-500.0,,SUV,MPV,AWD,4.0,Regular,Automatic (S8),0.155,4.0
2024 HYUNDAI KONA,4.0,5,26.0,,,,-500.0,,SUV,MPV,AWD,4.0,Regular,Automatic (S8),0.159,4.0
2024 MITSUBISHI OUTLANDER,4.0,7,26.0,,,,-500.0,,SUV,MPV,AWD,4.0,Regular,Automatic (AV-S8),0.179,4.0
2024 MITSUBISHI OUTLANDER,4.0,7,26.0,,,,-500.0,,SUV,MPV,AWD,4.0,Regular,Automatic (AV-S6),0.179,4.0
2024 MITSUBISHI OUTLANDER,4.0,7,26.0,,,,1500.0,,SUV,MPV,AWD,4.0,Regular Gas and Electricity,Automatic (A1),0.179,4.0
2024 VOLKSWAGEN TIGUAN,4.0,7,26.0,,,,-500.0,,SUV,MPV,AWD,4.0,Regular,Automatic (S8),0.155,4.0
2017 CHEVROLET EQUINOX,4.0,5,25.0,,,,-1000.0,,SUV,MPV,AWD,4.0,Regular,Automatic 6-spd,0.174,4.0
2017 GMC TERRAIN,4.0,5,25.0,,,,-1000.0,,SUV,MPV,AWD,4.0,Regular,Automatic 6-spd,0.174,4.0
2017 JEEP CHEROKEE,4.0,5,25.0,,,,-1000.0,,SUV,MPV,4WD,4.0,Regular,Automatic 9-spd,0.169,4.0
2017 JEEP COMPASS,4.0,5,25.0,,,,-1000.0,,SUV,MPV,4WD,4.0,Regular,Manual 5-spd,0.164,4.0
2017 JEEP COMPASS,4.0,5,25.0,,,,-1000.0,,SUV,MPV,4WD,4.0,Regular,Manual 5-spd,0.164,4.0
2017 JEEP COMPASS,4.0,5,25.0,,,,-1000.0,,SUV,MPV,4WD,4.0,Regular,Automatic 9-spd,0.164,4.0
2017 JEEP COMPASS,4.0,5,25.0,,,,-1000.0,,SUV,MPV,4WD,4.0,Regular,Automatic 6-spd,0.164,4.0
2017 JEEP COMPASS,4.0,5,25.0,,,,-1000.0,,SUV,MPV,4WD,4.0,Regular,Manual 6-spd,0.164,4.0
2017 JEEP PATRIOT,4.0,5,25.0,,,,-1000.0,,SUV,MPV,4WD,4.0,Regular,Manual 5-spd,0.219,3.0
2017 JEEP PATRIOT,4.0,5,25.0,,,,-1000.0,,SUV,MPV,4WD,4.0,Regular,Manual 5-spd,0.219,3.0
2018 FORD ECOSPORT,4.0,5,25.0,,,,-1000.0,,SUV,PC,AWD,4.0,Regular,Automatic (S6),0.191,4.0
2018 JEEP CHEROKEE,4.0,5,25.0,,,,-1000.0,,SUV,MPV,4WD,4.0,Regular,Automatic 9-spd,0.169,4.0
2018 JEEP RENEGADE,4.0,5,25.0,,,,-1000.0,,SUV,MPV,4WD,4.0,Regular,Automatic 9-spd,0.23,3.0
2019 FORD ECOSPORT,4.0,5,25.0,,,,-1000.0,,SUV,PC,AWD,4.0,Regular,Automatic (S6),0.191,4.0
2019 JEEP CHEROKEE,4.0,5,25.0,,,,-1000.0,,SUV,MPV,4WD,4.0,Regular,Automatic 9-spd,0.169,4.0
2019 JEEP COMPASS,4.0,5,25.0,,,,-1000.0,,SUV,MPV,AWD,4.0,Regular,Automatic 6-spd,0.206,3.0
2019 JEEP COMPASS,4.0,5,25.0,,,,-1000.0,,SUV,MPV,AWD,4.0,Regular,Manual 6-spd,0.206,3.0
2019 JEEP COMPASS,4.0,5,25.0,,,,-1000.0,,SUV,MPV,AWD,4.0,Regular,Automatic 9-spd,0.206,3.0
2020 FORD ECOSPORT,4.0,5,25.0,,,,-1000.0,,SUV,MPV,AWD,4.0,Regular,Automatic (S6),0.191,4.0
2020 JEEP CHEROKEE,4.0,5,25.0,,,,-1000.0,,SUV,MPV,4WD,4.0,Regular,Automatic 9-spd,0.169,4.0
2020 JEEP COMPASS,4.0,5,25.0,,,,-1000.0,,SUV,MPV,AWD,4.0,Regular,Automatic 6-spd,0.206,3.0
2020 JEEP COMPASS,4.0,5,25.0,,,,-1000.0,,SUV,MPV,AWD,4.0,Regular,Automatic 9-spd,0.206,3.0
2020 JEEP COMPASS,4.0,5,25.0,,,,-1000.0,,SUV,MPV,AWD,4.0,Regular,Manual 6-spd,0.206,3.0
2020 JEEP RENEGADE,4.0,5,25.0,,,,-1000.0,,SUV,MPV,AWD,4.0,Regular,Automatic 9-spd,0.228,3.0
2021 FORD ECOSPORT,4.0,5,25.0,,,,-1000.0,,SUV,MPV,AWD,4.0,Regular,Automatic (S6),0.191,4.0
2021 JEEP CHEROKEE,4.0,5,25.0,,,,-1000.0,,SUV,MPV,4WD,4.0,Regular,Automatic 9-spd,0.169,4.0
2021 JEEP COMPASS,4.0,5,25.0,,,,-1000.0,,SUV,MPV,4WD,4.0,Regular,Automatic 6-spd,0.206,3.0
2021 JEEP COMPASS,4.0,5,25.0,,,,-1000.0,,SUV,MPV,4WD,4.0,Regular,Automatic 9-spd,0.206,3.0
2021 JEEP RENEGADE,4.0,5,25.0,,,,-1000.0,,SUV,MPV,AWD,4.0,Regular,Automatic 9-spd,0.228,3.0
2021 KIA SORENTO,4.0,6 or 7,25.0,,,,-1000.0,,SUV,MPV,AWD,4.0,Regular,Automatic (AM-S8),0.159,4.0
2021 KIA SORENTO,4.0,6 or 7,25.0,,,,-1000.0,,SUV,MPV,AWD,4.0,Regular,Automatic (AM-S8),0.159,4.0
2022 FORD ECOSPORT,4.0,5,25.0,,,,-1000.0,,SUV,MPV,AWD,4.0,Regular,Automatic (S6),0.191,4.0
2022 JEEP CHEROKEE,4.0,5,25.0,,,,-1000.0,,SUV,MPV,AWD,4.0,Regular,Automatic 9-spd,0.169,4.0
2022 JEEP COMPASS,4.0,5,25.0,,,,-1000.0,,SUV,MPV,AWD,4.0,Regular,Automatic 6-spd,0.204,3.0
2022 JEEP COMPASS,4.0,5,25.0,,,,-1000.0,,SUV,MPV,AWD,4.0,Regular,Automatic 9-spd,0.204,3.0
2022 KIA SORENTO,4.0,6 or 7,25.0,,,,-1000.0,,SUV,MPV,AWD,4.0,Regular,Automatic (AM-S8),0.159,4.0
2023 HYUNDAI TUCSON,4.0,5,25.0,,,,-1000.0,,SUV,MPV,AWD,4.0,Regular,Automatic (S8),0.174,4.0
2023 KIA SORENTO,4.0,7,25.0,,,,-1000.0,,SUV,MPV,AWD,4.0,Regular,Automatic (AM-S8),0.159,4.0
2023 MITSUBISHI OUTLANDER,4.0,7,25.0,,,,-1000.0,,SUV,MPV,AWD,4.0,Regular,Automatic (AV-S6),0.179,4.0
2023 MITSUBISHI OUTLANDER,4.0,7,25.0,,,,-1000.0,,SUV,MPV,AWD,4.0,Regular,Automatic (AV-S6),0.179,4.0
2023 VOLKSWAGEN TIGUAN,4.0,"5
7",25.0,,,,-1000.0,,SUV,MPV,AWD,4.0,Regular,Automatic (S8),0.155,4.0
2024 MITSUBISHI OUTLANDER,4.0,7,25.0,,,,-1000.0,,SUV,MPV,AWD,4.0,Regular,Automatic (AV-S6),0.179,4.0
2024 VOLKSWAGEN TIGUAN,4.0,7,25.0,,,,-1000.0,,SUV,MPV,AWD,4.0,Regular,Automatic (S8),0.155,4.0
2017 JEEP COMPASS,4.0,5,24.0,,,,-1500.0,,SUV,MPV,4WD,4.0,Regular,Manual 5-spd,0.164,4.0
2017 JEEP COMPASS,4.0,5,24.0,,,,-1500.0,,SUV,MPV,4WD,4.0,Regular,Automatic (variable gear ratios),0.164,4.0
2017 JEEP PATRIOT,4.0,5,24.0,,,,-1500.0,,SUV,MPV,4WD,4.0,Regular,Manual 5-spd,0.219,3.0
2017 JEEP PATRIOT,4.0,5,24.0,,,,-1500.0,,SUV,MPV,4WD,4.0,Regular,Automatic (variable gear ratios),0.219,3.0
2017 JEEP RENEGADE,4.0,5,24.0,,,,-1500.0,,SUV,MPV,4WD,4.0,Regular,Automatic 9-spd,0.23,3.0
2018 JEEP RENEGADE,4.0,5,24.0,,,,-1500.0,,SUV,MPV,4WD,4.0,Regular,Automatic 9-spd,0.23,3.0
2018 VOLKSWAGEN TIGUAN,4.0,"5
7",24.0,,,,-1500.0,,SUV,MPV,AWD,4.0,Regular,Automatic (S8),0.156,4.0
2019 JEEP CHEROKEE,4.0,5,24.0,,,,-1500.0,,SUV,MPV,4WD,4.0,Regular,Automatic 9-spd,0.169,4.0
2019 JEEP CHEROKEE,4.0,5,24.0,,,,-1500.0,,SUV,MPV,4WD,4.0,Regular,Automatic 9-spd,0.169,4.0
2020 JEEP CHEROKEE,4.0,5,24.0,,,,-1500.0,,SUV,MPV,4WD,4.0,Regular,Automatic 9-spd,0.169,4.0
2020 JEEP CHEROKEE,4.0,5,24.0,,,,-1500.0,,SUV,MPV,4WD,4.0,Regular,Automatic 9-spd,0.169,4.0
2020 JEEP RENEGADE,4.0,5,24.0,,,,-1500.0,,SUV,MPV,AWD,4.0,Regular,Automatic 9-spd,0.228,3.0
2020 JEEP RENEGADE,4.0,5,24.0,,,,-1500.0,,SUV,MPV,AWD,4.0,Regular,Automatic 9-spd,0.228,3.0
2021 JEEP CHEROKEE,4.0,5,24.0,,,,-1500.0,,SUV,MPV,4WD,4.0,Regular,Automatic 9-spd,0.169,4.0
2021 JEEP CHEROKEE,4.0,5,24.0,,,,-1500.0,,SUV,MPV,4WD,4.0,Regular,Automatic 9-spd,0.169,4.0
2021 JEEP RENEGADE,4.0,5,24.0,,,,-1500.0,,SUV,MPV,AWD,4.0,Regular,Automatic 9-spd,0.228,3.0
2021 JEEP RENEGADE,4.0,5,24.0,,,,-1500.0,,SUV,MPV,AWD,4.0,Regular,Automatic 9-spd,0.228,3.0
2021 KIA SORENTO,4.0,6 or 7,24.0,,,,-1500.0,,SUV,MPV,AWD,4.0,Regular,Automatic (S8),0.159,4.0
2021 KIA SORENTO,4.0,6 or 7,24.0,,,,-1500.0,,SUV,MPV,AWD,4.0,Regular,Automatic (AM-S8),0.159,4.0
2021 KIA SORENTO,4.0,6 or 7,24.0,,,,-1500.0,,SUV,MPV,AWD,4.0,Regular,Automatic (S8),0.159,4.0
2021 KIA SORENTO,4.0,6 or 7,24.0,,,,-1500.0,,SUV,MPV,AWD,4.0,Regular,Automatic (AM-S8),0.159,4.0
2022 JEEP CHEROKEE,4.0,5,24.0,,,,-1500.0,,SUV,MPV,AWD,4.0,Regular,Automatic 9-spd,0.169,4.0
2022 JEEP CHEROKEE,4.0,5,24.0,,,,-1500.0,,SUV,MPV,AWD,4.0,Regular,Automatic 9-spd,0.169,4.0
2022 KIA SORENTO,4.0,6 or 7,24.0,,,,-1500.0,,SUV,MPV,AWD,4.0,Regular,Automatic (S8),0.159,4.0
2022 KIA SORENTO,4.0,6 or 7,24.0,,,,-1500.0,,SUV,MPV,AWD,4.0,Regular,Automatic (AM-S8),0.159,4.0
2023 JEEP CHEROKEE,4.0,5,24.0,,,,-1500.0,,SUV,MPV,AWD,4.0,Regular,Automatic 9-spd,0.169,4.0
2023 JEEP RENEGADE,4.0,5,24.0,,,,-1500.0,,SUV,MPV,AWD,4.0,Regular,Automatic 9-spd,0.228,3.0
2023 KIA SORENTO,4.0,7,24.0,,,,-1500.0,,SUV,MPV,AWD,4.0,Regular,Automatic (S8),0.159,4.0
2023 KIA SORENTO,4.0,7,24.0,,,,-1500.0,,SUV,MPV,AWD,4.0,Regular,Automatic (AM-S8),0.159,4.0
2023 VOLKSWAGEN TIGUAN,4.0,"5
7",24.0,,,,-1500.0,,SUV,MPV,AWD,4.0,Regular,Automatic (S8),0.155,4.0
2024 HYUNDAI SANTA FE,4.0,7,24.0,,,,-1500.0,,SUV,MPV,AWD,4.0,Regular,Automatic (AM-S8),0.174,4.0
2024 VOLKSWAGEN TIGUAN,4.0,7,24.0,,,,-1500.0,,SUV,MPV,AWD,4.0,Regular,Automatic (S8),0.155,4.0
2017 CHEVROLET EQUINOX,4.0,5,23.0,,,,-1750.0,,SUV,MPV,AWD,4.0,Regular,Automatic 6-spd,0.174,4.0
2017 GMC TERRAIN,4.0,5,23.0,,,,-1750.0,,SUV,MPV,AWD,4.0,Regular,Automatic 6-spd,0.174,4.0
2017 JEEP CHEROKEE,4.0,5,23.0,,,,-1750.0,,SUV,MPV,4WD,4.0,Regular,Automatic 9-spd,0.169,4.0
2017 JEEP CHEROKEE,4.0,5,23.0,,,,-1750.0,,SUV,MPV,4WD,4.0,Regular,Automatic 9-spd,0.169,4.0
2017 JEEP COMPASS,4.0,5,23.0,,,,-1750.0,,SUV,MPV,4WD,4.0,Regular,Automatic 6-spd,0.164,4.0
2017 JEEP PATRIOT,4.0,5,23.0,,,,-1750.0,,SUV,MPV,4WD,4.0,Regular,Automatic 6-spd,0.219,3.0
2017 LINCOLN MKC,4.0,5,23.0,,,,-1750.0,,SUV,MPV,AWD,4.0,Regular,Automatic (S6),0.169,4.0
2018 JEEP CHEROKEE,4.0,5,23.0,,,,-1750.0,,SUV,MPV,4WD,4.0,Regular,Automatic 9-spd,0.169,4.0
2018 JEEP CHEROKEE,4.0,5,23.0,,,,-1750.0,,SUV,MPV,4WD,4.0,Regular,Automatic 9-spd,0.169,4.0
2018 LINCOLN MKC,4.0,5,23.0,,,,-1750.0,,SUV,MPV,AWD,4.0,Regular,Automatic (S6),0.169,4.0
2018 VOLKSWAGEN TIGUAN,4.0,"5
7",23.0,,,,-1750.0,,SUV,MPV,AWD,4.0,Regular,Automatic (S8),0.156,4.0
2019 JEEP CHEROKEE,4.0,5,23.0,,,,-1750.0,,SUV,MPV,4WD,6.0,Regular,Automatic 9-spd,0.169,4.0
2019 JEEP CHEROKEE,4.0,5,23.0,,,,-1750.0,,SUV,MPV,4WD,4.0,Regular,Automatic 9-spd,0.169,4.0
2019 LINCOLN MKC,4.0,5,23.0,,,,-1750.0,,SUV,MPV,AWD,4.0,Regular,Automatic (S6),0.169,4.0
2020 JEEP CHEROKEE,4.0,5,23.0,,,,-1750.0,,SUV,MPV,4WD,6.0,Regular,Automatic 9-spd,0.169,4.0
2020 JEEP CHEROKEE,4.0,5,23.0,,,,-1750.0,,SUV,MPV,4WD,4.0,Regular,Automatic 9-spd,0.169,4.0
2021 JEEP CHEROKEE,4.0,5,23.0,,,,-1750.0,,SUV,MPV,4WD,6.0,Regular,Automatic 9-spd,0.169,4.0
2021 JEEP CHEROKEE,4.0,5,23.0,,,,-1750.0,,SUV,MPV,4WD,4.0,Regular,Automatic 9-spd,0.169,4.0
2022 JEEP CHEROKEE,4.0,5,23.0,,,,-1750.0,,SUV,MPV,AWD,6.0,Regular,Automatic 9-spd,0.169,4.0
2024 HYUNDAI SANTA FE,4.0,7,23.0,,,,-1750.0,,SUV,MPV,AWD,4.0,Regular,Automatic (AM-S8),0.174,4.0
2024 CHEVROLET TRAX,,,,1.3931380442187402,22495.0,16147.0,,44.0,,,,,,,,
2024 CHEVROLET EQUINOX,,,,1.3379606400178403,23999.0,17937.0,,44.0,,,,,,,,
2022 KIA SOUL,,,,0.6821048278713946,19794.0,29019.0,,44.0,,,,,,,,
2023 TOYOTA COROLLA CROSS,,,,0.6054014775342134,24994.0,41285.0,,44.0,,,,,,,,
2023 CHEVROLET BOLT EUV,,,,0.5969926343301314,17588.0,29461.0,,44.0,,,,,,,,
2017 FORD EXPLORER,,,,0.5487774451097804,21995.0,40080.0,,1.0,,,,,,,,
2022 MITSUBISHI OUTLANDER,,,,0.4047376775611543,19888.0,49138.0,,44.0,,,,,,,,
2022 HONDA HR-V,,,,0.3697865295195152,20995.0,56776.0,,44.0,,,,,,,,
2018 MAZDA CX-3,,,,0.3379114889906257,18600.0,55044.0,,1.0,,,,,,,,
